DatGeracaoConjuntoDados,AnoReferencia,MesReferencia,NomUF,SigUF,MdaPotenciaInstaladakW
4/2/2026,2006,12,ACRE,AC,141760.5
4/2/2026,2006,12,ALAGOAS,AL,7626936.5
4/2/2026,2006,12,AMAZONAS,AM,2105228.6
4/2/2026,2006,12,AMAPA,AP,273950
4/2/2026,2006,12,BAHIA,BA,8899100.9
4/2/2026,2006,12,CEARA,CE,703170
4/2/2026,2006,12,DISTRITO FEDERAL,DF,39700
4/2/2026,2006,12,ESPIRITO SANTO,ES,1165516
4/2/2026,2006,12,GOIAS,GO,8605256.4
4/2/2026,2006,12,MARANHAO,MA,247612
4/2/2026,2006,12,MINAS GERAIS,MG,18031374.95
4/2/2026,2006,12,MATO GROSSO DO SUL,MS,7324683
4/2/2026,2006,12,MATO GROSSO,MT,1917727.2
4/2/2026,2006,12,PARA,PA,7524644.2
4/2/2026,2006,12,PARAIBA,PB,50936
4/2/2026,2006,12,PERNAMBUCO,PE,2382832.7
4/2/2026,2006,12,PIAUI,PI,290010
4/2/2026,2006,12,PARANA,PR,17468332
4/2/2026,2006,12,RIO DE JANEIRO,RJ,7404536.4
4/2/2026,2006,12,RIO GRANDE DO NORTE,RN,88956
4/2/2026,2006,12,RONDONIA,RO,888626.08
4/2/2026,2006,12,RORAIMA,RR,118030.4
4/2/2026,2006,12,RIO GRANDE DO SUL,RS,6598474.6
4/2/2026,2006,12,SANTA CATARINA,SC,5159682.6
4/2/2026,2006,12,SERGIPE,SE,3174374.4
4/2/2026,2006,12,SÃO PAULO,SP,21404762.9
4/2/2026,2006,12,TOCANTINS,TO,1451910
4/2/2026,2007,12,ACRE,AC,141349.3
4/2/2026,2007,12,ALAGOAS,AL,7656836.5
4/2/2026,2007,12,AMAZONAS,AM,1904359.6
4/2/2026,2007,12,AMAPA,AP,273956
4/2/2026,2007,12,BAHIA,BA,8915075.9
4/2/2026,2007,12,CEARA,CE,730420
4/2/2026,2007,12,DISTRITO FEDERAL,DF,42120
4/2/2026,2007,12,ESPIRITO SANTO,ES,1390876
4/2/2026,2007,12,GOIAS,GO,8606664.4
4/2/2026,2007,12,MARANHAO,MA,247080.8
4/2/2026,2007,12,MINAS GERAIS,MG,18207831.95
4/2/2026,2007,12,MATO GROSSO DO SUL,MS,7361447
4/2/2026,2007,12,MATO GROSSO,MT,1984299.42
4/2/2026,2007,12,PARA,PA,8861181.2
4/2/2026,2007,12,PARAIBA,PB,61136
4/2/2026,2007,12,PERNAMBUCO,PE,2388832.7
4/2/2026,2007,12,PIAUI,PI,290010
4/2/2026,2007,12,PARANA,PR,17547298
4/2/2026,2007,12,RIO DE JANEIRO,RJ,7672987.4
4/2/2026,2007,12,RIO GRANDE DO NORTE,RN,88956
4/2/2026,2007,12,RONDONIA,RO,896881.48
4/2/2026,2007,12,RORAIMA,RR,118102.4
4/2/2026,2007,12,RIO GRANDE DO SUL,RS,6640554.6
4/2/2026,2007,12,SANTA CATARINA,SC,5538453.6
4/2/2026,2007,12,SERGIPE,SE,3175004.4
4/2/2026,2007,12,SÃO PAULO,SP,21618887.3
4/2/2026,2007,12,TOCANTINS,TO,1468447
4/2/2026,2008,12,ACRE,AC,141350.3
4/2/2026,2008,12,ALAGOAS,AL,7670436.5
4/2/2026,2008,12,AMAZONAS,AM,2044287
4/2/2026,2008,12,AMAPA,AP,273993
4/2/2026,2008,12,BAHIA,BA,8948287.9
4/2/2026,2008,12,CEARA,CE,730420
4/2/2026,2008,12,DISTRITO FEDERAL,DF,42120
4/2/2026,2008,12,ESPIRITO SANTO,ES,1410876
4/2/2026,2008,12,GOIAS,GO,8737405.6
4/2/2026,2008,12,MARANHAO,MA,254280.8
4/2/2026,2008,12,MINAS GERAIS,MG,18403127.45
4/2/2026,2008,12,MATO GROSSO DO SUL,MS,7375947
4/2/2026,2008,12,MATO GROSSO,MT,2027430.62
4/2/2026,2008,12,PARA,PA,8753570.4
4/2/2026,2008,12,PARAIBA,PB,61136
4/2/2026,2008,12,PERNAMBUCO,PE,2418564.7
4/2/2026,2008,12,PIAUI,PI,290010
4/2/2026,2008,12,PARANA,PR,17616126
4/2/2026,2008,12,RIO DE JANEIRO,RJ,7763037.4
4/2/2026,2008,12,RIO GRANDE DO NORTE,RN,147426
4/2/2026,2008,12,RONDONIA,RO,902441.48
4/2/2026,2008,12,RORAIMA,RR,117278.4
4/2/2026,2008,12,RIO GRANDE DO SUL,RS,6826128.6
4/2/2026,2008,12,SANTA CATARINA,SC,5570153.6
4/2/2026,2008,12,SERGIPE,SE,3184804.4
4/2/2026,2008,12,SÃO PAULO,SP,21802871.7
4/2/2026,2008,12,TOCANTINS,TO,1477747
4/2/2026,2009,12,ACRE,AC,142542.3
4/2/2026,2009,12,ALAGOAS,AL,7662276.5
4/2/2026,2009,12,AMAZONAS,AM,2129933
4/2/2026,2009,12,AMAPA,AP,296249
4/2/2026,2009,12,BAHIA,BA,9089798.9
4/2/2026,2009,12,CEARA,CE,834850
4/2/2026,2009,12,DISTRITO FEDERAL,DF,42120
4/2/2026,2009,12,ESPIRITO SANTO,ES,1524806
4/2/2026,2009,12,GOIAS,GO,8765159.6
4/2/2026,2009,12,MARANHAO,MA,265184.8
4/2/2026,2009,12,MINAS GERAIS,MG,18403433.45
4/2/2026,2009,12,MATO GROSSO DO SUL,MS,7655701
4/2/2026,2009,12,MATO GROSSO,MT,2099130.62
4/2/2026,2009,12,PARA,PA,8716065.4
4/2/2026,2009,12,PARAIBA,PB,115886
4/2/2026,2009,12,PERNAMBUCO,PE,2704028.7
4/2/2026,2009,12,PIAUI,PI,316810
4/2/2026,2009,12,PARANA,PR,17641764
4/2/2026,2009,12,RIO DE JANEIRO,RJ,7827536.4
4/2/2026,2009,12,RIO GRANDE DO NORTE,RN,582076
4/2/2026,2009,12,RONDONIA,RO,914148.48
4/2/2026,2009,12,RORAIMA,RR,127410.4
4/2/2026,2009,12,RIO GRANDE DO SUL,RS,7006976.6
4/2/2026,2009,12,SANTA CATARINA,SC,5628259.1
4/2/2026,2009,12,SERGIPE,SE,3191484.4
4/2/2026,2009,12,SÃO PAULO,SP,22350906.9
4/2/2026,2009,12,TOCANTINS,TO,1521183
4/2/2026,2010,12,ACRE,AC,132998.3
4/2/2026,2010,12,ALAGOAS,AL,7674826.5
4/2/2026,2010,12,AMAZONAS,AM,2139920.6
4/2/2026,2010,12,AMAPA,AP,296249
4/2/2026,2010,12,BAHIA,BA,9294250.9
4/2/2026,2010,12,CEARA,CE,1066034
4/2/2026,2010,12,DISTRITO FEDERAL,DF,42120
4/2/2026,2010,12,ESPIRITO SANTO,ES,1758851
4/2/2026,2010,12,GOIAS,GO,8904031.6
4/2/2026,2010,12,MARANHAO,MA,672124.8
4/2/2026,2010,12,MINAS GERAIS,MG,18714031.45
4/2/2026,2010,12,MATO GROSSO DO SUL,MS,7826471
4/2/2026,2010,12,MATO GROSSO,MT,2138459.82
4/2/2026,2010,12,PARA,PA,8736433.4
4/2/2026,2010,12,PARAIBA,PB,115886
4/2/2026,2010,12,PERNAMBUCO,PE,2716941.7
4/2/2026,2010,12,PIAUI,PI,316810
4/2/2026,2010,12,PARANA,PR,17787354
4/2/2026,2010,12,RIO DE JANEIRO,RJ,7870648.4
4/2/2026,2010,12,RIO GRANDE DO NORTE,RN,582076
4/2/2026,2010,12,RONDONIA,RO,933159.48
4/2/2026,2010,12,RORAIMA,RR,127410.4
4/2/2026,2010,12,RIO GRANDE DO SUL,RS,7150077.6
4/2/2026,2010,12,SANTA CATARINA,SC,5884521.1
4/2/2026,2010,12,SERGIPE,SE,3199544.4
4/2/2026,2010,12,SÃO PAULO,SP,22966983.9
4/2/2026,2010,12,TOCANTINS,TO,1795333
4/2/2026,2011,12,ACRE,AC,136843
4/2/2026,2011,12,ALAGOAS,AL,7690487
4/2/2026,2011,12,AMAZONAS,AM,2174906
4/2/2026,2011,12,AMAPA,AP,297949
4/2/2026,2011,12,BAHIA,BA,9724503
4/2/2026,2011,12,CEARA,CE,1381485
4/2/2026,2011,12,DISTRITO FEDERAL,DF,43258
4/2/2026,2011,12,ESPIRITO SANTO,ES,1966948
4/2/2026,2011,12,GOIAS,GO,9903194
4/2/2026,2011,12,MARANHAO,MA,1180450
4/2/2026,2011,12,MINAS GERAIS,MG,19500264
4/2/2026,2011,12,MATO GROSSO DO SUL,MS,8224679
4/2/2026,2011,12,MATO GROSSO,MT,2584740
4/2/2026,2011,12,PARA,PA,8872744
4/2/2026,2011,12,PARAIBA,PB,637470
4/2/2026,2011,12,PERNAMBUCO,PE,2806382
4/2/2026,2011,12,PIAUI,PI,316944
4/2/2026,2011,12,PARANA,PR,17753342
4/2/2026,2011,12,RIO DE JANEIRO,RJ,8667164
4/2/2026,2011,12,RIO GRANDE DO NORTE,RN,743320
4/2/2026,2011,12,RONDONIA,RO,1007058
4/2/2026,2011,12,RORAIMA,RR,122610
4/2/2026,2011,12,RIO GRANDE DO SUL,RS,8704267
4/2/2026,2011,12,SANTA CATARINA,SC,6958051
4/2/2026,2011,12,SERGIPE,SE,3225884
4/2/2026,2011,12,SÃO PAULO,SP,24084267
4/2/2026,2011,12,TOCANTINS,TO,2324505
4/2/2026,2012,3,ACRE,AC,180682.1
4/2/2026,2012,3,ALAGOAS,AL,7690486.5
4/2/2026,2012,3,AMAZONAS,AM,2258470
4/2/2026,2012,3,AMAPA,AP,297949
4/2/2026,2012,3,BAHIA,BA,9727907.3
4/2/2026,2012,3,CEARA,CE,1381485
4/2/2026,2012,3,DISTRITO FEDERAL,DF,43258
4/2/2026,2012,3,ESPIRITO SANTO,ES,1966948
4/2/2026,2012,3,GOIAS,GO,9971568.2
4/2/2026,2012,3,MARANHAO,MA,1316324.8
4/2/2026,2012,3,MINAS GERAIS,MG,19546728.45
4/2/2026,2012,3,MATO GROSSO DO SUL,MS,8297695
4/2/2026,2012,3,MATO GROSSO,MT,2617257.82
4/2/2026,2012,3,PARA,PA,8883553.4
4/2/2026,2012,3,PARAIBA,PB,637470
4/2/2026,2012,3,PERNAMBUCO,PE,2816455.7
4/2/2026,2012,3,PIAUI,PI,316944
4/2/2026,2012,3,PARANA,PR,17761687.2
4/2/2026,2012,3,RIO DE JANEIRO,RJ,8683482.4
4/2/2026,2012,3,RIO GRANDE DO NORTE,RN,847620
4/2/2026,2012,3,RONDONIA,RO,1149179.48
4/2/2026,2012,3,RORAIMA,RR,122610.4
4/2/2026,2012,3,RIO GRANDE DO SUL,RS,8792286.8
4/2/2026,2012,3,SANTA CATARINA,SC,7102818.1
4/2/2026,2012,3,SERGIPE,SE,3237779.4
4/2/2026,2012,3,SÃO PAULO,SP,24255748.98
4/2/2026,2012,3,TOCANTINS,TO,2460380
4/2/2026,2012,6,ACRE,AC,180682.1
4/2/2026,2012,6,ALAGOAS,AL,7690486.5
4/2/2026,2012,6,AMAZONAS,AM,2259370
4/2/2026,2012,6,AMAPA,AP,297949
4/2/2026,2012,6,BAHIA,BA,9727967.3
4/2/2026,2012,6,MARANHAO,CE,1381485
4/2/2026,2012,6,DISTRITO FEDERAL,DF,43258
4/2/2026,2012,6,ESPIRITO SANTO,ES,1970988
4/2/2026,2012,6,GOIAS,GO,10021568.2
4/2/2026,2012,6,CEARA,MA,1452199.8
4/2/2026,2012,6,MINAS GERAIS,MG,19593728.45
4/2/2026,2012,6,MATO GROSSO DO SUL,MS,8426416
4/2/2026,2012,6,MATO GROSSO,MT,2617257.82
4/2/2026,2012,6,PARA,PA,8883553.4
4/2/2026,2012,6,PARAIBA,PB,637470
4/2/2026,2012,6,PERNAMBUCO,PE,2815855.7
4/2/2026,2012,6,PIAUI,PI,316944
4/2/2026,2012,6,PARANA,PR,17761687.2
4/2/2026,2012,6,RIO DE JANEIRO,RJ,8695982.4
4/2/2026,2012,6,RIO GRANDE DO NORTE,RN,847620
4/2/2026,2012,6,RONDONIA,RO,1289300.48
4/2/2026,2012,6,RORAIMA,RR,122610.4
4/2/2026,2012,6,RIO GRANDE DO SUL,RS,8832485.4
4/2/2026,2012,6,SANTA CATARINA,SC,7122985.1
4/2/2026,2012,6,SERGIPE,SE,3237779.4
4/2/2026,2012,6,SÃO PAULO,SP,24489207.98
4/2/2026,2012,6,TOCANTINS,TO,2596255
4/2/2026,2012,9,ACRE,AC,297949
4/2/2026,2012,9,ALAGOAS,AL,8440948
4/2/2026,2012,9,AMAZONAS,AM,2732130
4/2/2026,2012,9,AMAPA,AP,316944
4/2/2026,2012,9,BAHIA,BA,10217748
4/2/2026,2012,9,CEARA,CE,1588075
4/2/2026,2012,9,DISTRITO FEDERAL,DF,43766
4/2/2026,2012,9,ESPIRITO SANTO,ES,1970988
4/2/2026,2012,9,GOIAS,GO,9814102
4/2/2026,2012,9,MARANHAO,MA,1352580
4/2/2026,2012,9,MINAS GERAIS,MG,19652361
4/2/2026,2012,9,MATO GROSSO DO SUL,MS,8752486
4/2/2026,2012,9,MATO GROSSO,MT,2625758
4/2/2026,2012,9,PARA,PA,8885585
4/2/2026,2012,9,PARAIBA,PB,122610
4/2/2026,2012,9,PERNAMBUCO,PE,2816730
4/2/2026,2012,9,PIAUI,PI,637470
4/2/2026,2012,9,PARANA,PR,17776227
4/2/2026,2012,9,RIO DE JANEIRO,RJ,8878279
4/2/2026,2012,9,RIO GRANDE DO NORTE,RN,855754
4/2/2026,2012,9,RONDONIA,RO,1381485
4/2/2026,2012,9,RORAIMA,RR,159722
4/2/2026,2012,9,RIO GRANDE DO SUL,RS,7690487
4/2/2026,2012,9,SANTA CATARINA,SC,7132165
4/2/2026,2012,9,SERGIPE,SE,3272279
4/2/2026,2012,9,SÃO PAULO,SP,24817144
4/2/2026,2012,9,TOCANTINS,TO,2259870
4/2/2026,2012,12,ACRE,AC,165480.9
4/2/2026,2012,12,ALAGOAS,AL,7690486.5
4/2/2026,2012,12,AMAZONAS,AM,2259870
4/2/2026,2012,12,AMAPA,AP,297949
4/2/2026,2012,12,BAHIA,BA,9741812.3
4/2/2026,2012,12,CEARA,CE,1769522
4/2/2026,2012,12,DISTRITO FEDERAL,DF,43766
4/2/2026,2012,12,ESPIRITO SANTO,ES,1872815
4/2/2026,2012,12,GOIAS,GO,10261018.2
4/2/2026,2012,12,MARANHAO,MA,1591274.8
4/2/2026,2012,12,MINAS GERAIS,MG,19662121.16
4/2/2026,2012,12,MATO GROSSO DO SUL,MS,8440948
4/2/2026,2012,12,MATO GROSSO,MT,2640048.82
4/2/2026,2012,12,PARA,PA,8885729.6
4/2/2026,2012,12,PARAIBA,PB,640470
4/2/2026,2012,12,PERNAMBUCO,PE,2817094.7
4/2/2026,2012,12,PIAUI,PI,316944
4/2/2026,2012,12,PARANA,PR,18130570.2
4/2/2026,2012,12,RIO DE JANEIRO,RJ,8699748.4
4/2/2026,2012,12,RIO GRANDE DO NORTE,RN,926704
4/2/2026,2012,12,RONDONIA,RO,1630940.48
4/2/2026,2012,12,RORAIMA,RR,122610.4
4/2/2026,2012,12,RIO GRANDE DO SUL,RS,8925936.4
4/2/2026,2012,12,SANTA CATARINA,SC,7177788.8
4/2/2026,2012,12,SERGIPE,SE,3282279.4
4/2/2026,2012,12,SÃO PAULO,SP,24923400.98
4/2/2026,2012,12,TOCANTINS,TO,2732130
4/2/2026,2013,3,ACRE,AC,189691
4/2/2026,2013,3,ALAGOAS,AL,7690487
4/2/2026,2013,3,AMAZONAS,AM,2262760
4/2/2026,2013,3,AMAPA,AP,297949
4/2/2026,2013,3,BAHIA,BA,9838077
4/2/2026,2013,3,CEARA,CE,1831551
4/2/2026,2013,3,DISTRITO FEDERAL,DF,43766
4/2/2026,2013,3,ESPIRITO SANTO,ES,1872815
4/2/2026,2013,3,GOIAS,GO,10575553
4/2/2026,2013,3,MARANHAO,MA,2633762
4/2/2026,2013,3,MINAS GERAIS,MG,19686402
4/2/2026,2013,3,MATO GROSSO DO SUL,MS,8437948
4/2/2026,2013,3,MATO GROSS,MT,2643031
4/2/2026,2013,3,PARA,PA,9054730
4/2/2026,2013,3,PARAIBA,PB,640470
4/2/2026,2013,3,PERNAMBUCO,PE,3210354
4/2/2026,2013,3,PIAUI,PI,316944
4/2/2026,2013,3,PARANA,PR,18141048
4/2/2026,2013,3,RIO DE JANEIRO,RJ,8700317
4/2/2026,2013,3,RIO GRANDE DO NORTE,RN,947204
4/2/2026,2013,3,RONDONIA,RO,1712459
4/2/2026,2013,3,RORAIMA,RR,122610
4/2/2026,2013,3,RIO GRANDE DO SUL,RS,9047087
4/2/2026,2013,3,SANTA CATARINA,SC,7208126
4/2/2026,2013,3,SERGIPE,SE,3282279
4/2/2026,2013,3,SÃO PAULO,SP,25009767
4/2/2026,2013,3,TOCANTINS,TO,2908080
4/2/2026,2013,6,ACRE,AC,189691
4/2/2026,2013,6,ALAGOAS,AL,7748087
4/2/2026,2013,6,AMAZONAS,AM,2262845
4/2/2026,2013,6,AMAPA,AP,297949
4/2/2026,2013,6,BAHIA,BA,9883307
4/2/2026,2013,6,CEARA,CE,2170028
4/2/2026,2013,6,DISTRITO FEDERAL,DF,16178
4/2/2026,2013,6,ESPIRITO SANTO,ES,1872815
4/2/2026,2013,6,GOIAS,GO,10572043
4/2/2026,2013,6,MARANHAO,MA,2802595
4/2/2026,2013,6,MINAS GERAIS,MG,19806043
4/2/2026,2013,6,MATO GROSSO DO SUL,MS,8494892
4/2/2026,2013,6,MATO GROSSO,MT,2761190
4/2/2026,2013,6,PARA,PA,9054730
4/2/2026,2013,6,PARAIBA,PB,641470
4/2/2026,2013,6,PERNAMBUCO,PE,3190834
4/2/2026,2013,6,PIAUI,PI,316944
4/2/2026,2013,6,PARANA,PR,18150542
4/2/2026,2013,6,RIO DE JANEIRO,RJ,8618687
4/2/2026,2013,6,RIO GRANDE DO NORTE,RN,902251
4/2/2026,2013,6,RONDONIA,RO,1784168
4/2/2026,2013,6,RORAIMA,RR,122610
4/2/2026,2013,6,RIO GRANDE DO SUL,RS,9113983
4/2/2026,2013,6,SANTA CATARINA,SC,7211578
4/2/2026,2013,6,SERGIPE,SE,3281999
4/2/2026,2013,6,SÃO PAULO,SP,24960679
4/2/2026,2013,6,TOCANTINS,TO,2908080
4/2/2026,2013,9,ACRE,AC,190896
4/2/2026,2013,9,ALAGOAS,AL,7748087
4/2/2026,2013,9,AMAZONAS,AM,2262845
4/2/2026,2013,9,AMAPA,AP,297949
4/2/2026,2013,9,BAHIA,BA,9883307
4/2/2026,2013,9,CEARA,CE,2186828
4/2/2026,2013,9,DISTRITO FEDERAL,DF,16178
4/2/2026,2013,9,ESPIRITO SANTO,ES,1872815
4/2/2026,2013,9,GOIAS,GO,10576299
4/2/2026,2013,9,MARANHAO,MA,2802752
4/2/2026,2013,9,MINAS GERAIS,MG,20038178
4/2/2026,2013,9,MATO GROSSO DO SUL,MS,8661915
4/2/2026,2013,9,MATO GROSSO,MT,2804909
4/2/2026,2013,9,PARA,PA,9058286
4/2/2026,2013,9,PARAIBA,PB,641470
4/2/2026,2013,9,PERNAMBUCO,PE,3191201
4/2/2026,2013,9,PIAUI,PI,317136
4/2/2026,2013,9,PARANA,PR,18231871
4/2/2026,2013,9,RIO DE JANEIRO,RJ,8824091
4/2/2026,2013,9,RIO GRANDE DO NORTE,RN,902251
4/2/2026,2013,9,RONDONIA,RO,2005748
4/2/2026,2013,9,RORAIMA,RR,122610
4/2/2026,2013,9,RIO GRANDE DO SUL,RS,9123195
4/2/2026,2013,9,SANTA CATARINA,SC,7295298
4/2/2026,2013,9,SERGIPE,SE,3283199
4/2/2026,2013,9,SÃO PAULO,SP,25041984
4/2/2026,2013,9,TOCANTINS,TO,2988080
4/2/2026,2013,12,ACRE,AC,190896
4/2/2026,2013,12,ALAGOAS,AL,7748087
4/2/2026,2013,12,AMAZONAS,AM,2262845
4/2/2026,2013,12,AMAPA,AP,302549
4/2/2026,2013,12,BAHIA,BA,9885413
4/2/2026,2013,12,CEARA,CE,2607250
4/2/2026,2013,12,DISTRITO FEDERAL,DF,45918
4/2/2026,2013,12,ESPIRITO SANTO,ES,1872815
4/2/2026,2013,12,GOIAS,GO,10578599
4/2/2026,2013,12,MARANHAO,MA,3027829
4/2/2026,2013,12,MINAS GERAIS,MG,20095486
4/2/2026,2013,12,MATO GROSSO DO SUL,MS,8781922
4/2/2026,2013,12,MATO GROSSO,MT,2804909
4/2/2026,2013,12,PARA,PA,9059697
4/2/2026,2013,12,PARAIBA,PB,641470
4/2/2026,2013,12,PIAUI,PI,318115
4/2/2026,2013,12,PARANA,PR,18232699
4/2/2026,2013,12,RIO DE JANEIRO,RJ,8825077
4/2/2026,2013,12,RIO GRANDE DO NORTE,RN,930251
4/2/2026,2013,12,RONDONIA,RO,2144928
4/2/2026,2013,12,RORAIMA,RR,122610
4/2/2026,2013,12,RIO GRANDE DO SUL,RS,9132560
4/2/2026,2013,12,SANTA CATARINA,SC,7459793
4/2/2026,2013,12,SERGIPE,SE,3283199
4/2/2026,2013,12,SÃO PAULO,SP,25165389
4/2/2026,2013,12,TOCANTINS,TO,2988080
4/2/2026,2014,3,ACRE,AC,190896
4/2/2026,2014,3,ALAGOAS,AL,7748087
4/2/2026,2014,3,AMAZONAS,AM,2262845
4/2/2026,2014,3,AMAPA,AP,302549
4/2/2026,2014,3,BAHIA,BA,9885417
4/2/2026,2014,3,CEARA,CE,2671779
4/2/2026,2014,3,DISTRITO FEDERAL,DF,45918
4/2/2026,2014,3,ESPIRITO SANTO,ES,1881234
4/2/2026,2014,3,GOIAS,GO,10579551
4/2/2026,2014,3,MARANHAO,MA,3035229
4/2/2026,2014,3,MINAS GERAIS,MG,20146682
4/2/2026,2014,3,MATO GROSSO DO SUL,MS,8782685
4/2/2026,2014,3,MATO GROSSO,MT,2804909
4/2/2026,2014,3,PARA,PA,9059889
4/2/2026,2014,3,PARAIBA,PB,641470
4/2/2026,2014,3,PERNAMBUCO,PE,3394958
4/2/2026,2014,3,PIAUI,PI,318115
4/2/2026,2014,3,PARANA,PR,18233786
4/2/2026,2014,3,RIO DE JANEIRO,RJ,9052117
4/2/2026,2014,3,RIO GRANDE DO NORTE,RN,1204067
4/2/2026,2014,3,RORAIMA,RR,122610
4/2/2026,2014,3,RIO GRANDE DO SUL,RS,9197636
4/2/2026,2014,3,SANTA CATARINA,SC,7462276
4/2/2026,2014,3,SERGIPE,SE,3283199
4/2/2026,2014,3,SÃO PAULO,SP,25246570
4/2/2026,2014,3,TOCANTINS,TO,2988080
4/2/2026,2014,6,ACRE,AC,190896
4/2/2026,2014,6,ALAGOAS,AL,7749087
4/2/2026,2014,6,AMAZONAS,AM,2262845
4/2/2026,2014,6,AMAPA,AP,302549
4/2/2026,2014,6,BAHIA,BA,9888340
4/2/2026,2014,6,CEARA,CE,2905147
4/2/2026,2014,6,DISTRITO FEDERAL,DF,47377
4/2/2026,2014,6,ESPIRITO SANTO,ES,1870819
4/2/2026,2014,6,GOIAS,GO,10631699
4/2/2026,2014,6,MARANHAO,MA,3162629
4/2/2026,2014,6,MINAS GERAIS,MG,19539469
4/2/2026,2014,6,MATO GROSSO DO SUL,MS,8782687
4/2/2026,2014,6,MATO GROSSO,MT,2810309
4/2/2026,2014,6,PARA,PA,9059889
4/2/2026,2014,6,PARAIBA,PB,641470
4/2/2026,2014,6,PERNAMBUCO,PE,3400598
4/2/2026,2014,6,PIAUI,PI,318115
4/2/2026,2014,6,PARANA,PR,18234011
4/2/2026,2014,6,RIO DE JANEIRO,RJ,9058745
4/2/2026,2014,6,RIO GRANDE DO NORTE,RN,1415467
4/2/2026,2014,6,RONDONIA,RO,3409201
4/2/2026,2014,6,RORAIMA,RR,122610
4/2/2026,2014,6,RIO GRANDE DO SUL,RS,9199390
4/2/2026,2014,6,SANTA CATARINA,SC,7469074
4/2/2026,2014,6,SERGIPE,SE,3284279
4/2/2026,2014,6,SÃO PAULO,SP,25337669
4/2/2026,2014,6,TOCANTINS,TO,2988093
4/2/2026,2014,9,ACRE,AC,190896
4/2/2026,2014,9,ALAGOAS,AL,707376
4/2/2026,2014,9,AMAZONAS,AM,2262845
4/2/2026,2014,9,AMAPA,AP,425879
4/2/2026,2014,9,BAHIA,BA,8306071
4/2/2026,2014,9,CEARA,CE,3065780
4/2/2026,2014,9,DISTRITO FEDERAL,DF,47377
4/2/2026,2014,9,ESPIRITO SANTO,ES,1525929
4/2/2026,2014,9,GOIAS,GO,7240800
4/2/2026,2014,9,MARANHAO,MA,3052769
4/2/2026,2014,9,MINAS GERAIS,MG,15472693
4/2/2026,2014,9,MATO GROSSO DO SUL,MS,2090407
4/2/2026,2014,9,MATO GROSSO,MT,2807718
4/2/2026,2014,9,PARA,PA,9074721
4/2/2026,2014,9,PARAIBA,PB,641470
4/2/2026,2014,9,PERNAMBUCO,PE,3400960
4/2/2026,2014,9,PIAUI,PI,388115
4/2/2026,2014,9,PARANA,PR,16114439
4/2/2026,2014,9,RIO DE JANEIRO,RJ,8642984
4/2/2026,2014,9,RIO GRANDE DO NORTE,RN,1603703
4/2/2026,2014,9,RORAIMA,RR,4072261
4/2/2026,2014,9,RIO GRANDE DO SUL,RS,8086836
4/2/2026,2014,9,SANTA CATARINA,SC,4493416
4/2/2026,2014,9,SERGIPE,SE,3284279
4/2/2026,2014,9,SÃO PAULO,SP,22268753
4/2/2026,2014,9,TOCANTINS,TO,1901333
4/2/2026,2014,12,ACRE,AC,190896
4/2/2026,2014,12,ALAGOAS,AL,702276
4/2/2026,2014,12,AMAZONAS,AM,2258959
4/2/2026,2014,12,AMAPA,AP,843949
4/2/2026,2014,12,BAHIA,BA,8634216
4/2/2026,2014,12,CEARA,CE,3172245
4/2/2026,2014,12,DISTRITO FEDERAL,DF,47380
4/2/2026,2014,12,ESPIRITO SANTO,ES,1522435
4/2/2026,2014,12,GOIAS,GO,7313355
4/2/2026,2014,12,MARANHAO,MA,3053971
4/2/2026,2014,12,MINAS GERAIS,MG,15486809
4/2/2026,2014,12,MATO GROSSO DO SUL,MS,2100221
4/2/2026,2014,12,MATO GROSSO,MT,2842410
4/2/2026,2014,12,PARA,PA,9074721
4/2/2026,2014,12,PARAIBA,PB,641476
4/2/2026,2014,12,PERNAMBUCO,PE,3401067
4/2/2026,2014,12,PIAUI,PI,388115
4/2/2026,2014,12,PARANA,PR,16117214
4/2/2026,2014,12,RIO DE JANEIRO,RJ,8644056
4/2/2026,2014,12,RIO GRANDE DO NORTE,RN,2135054
4/2/2026,2014,12,RORAIMA,RR,4745751
4/2/2026,2014,12,RIO GRANDE DO SUL,RS,8185627
4/2/2026,2014,12,SANTA CATARINA,SC,4497740
4/2/2026,2014,12,SERGIPE,SE,3284279
4/2/2026,2014,12,SÃO PAULO,SP,22326018
4/2/2026,2014,12,TOCANTINS,TO,1902262
4/2/2026,2015,3,ACRE,AC,193477
4/2/2026,2015,3,ALAGOAS,AL,705636
4/2/2026,2015,3,AMAZONAS,AM,2258959
4/2/2026,2015,3,AMAPA,AP,927949
4/2/2026,2015,3,BAHIA,BA,8785046
4/2/2026,2015,3,CEARA,CE,3175645
4/2/2026,2015,3,DISTRITO FEDERAL,DF,50500
4/2/2026,2015,3,ESPIRITO SANTO,ES,1530781
4/2/2026,2015,3,GOIAS,GO,7323192
4/2/2026,2015,3,MARANHAO,MA,3064129
4/2/2026,2015,3,MINAS GERAIS,MG,15574450
4/2/2026,2015,3,MATO GROSSO DO SUL,MS,2106130
4/2/2026,2015,3,MATO GROSSO,MT,2893372
4/2/2026,2015,3,PARA,PA,9085097
4/2/2026,2015,3,PARAIBA,PB,642276
4/2/2026,2015,3,PERNAMBUCO,PE,3521560
4/2/2026,2015,3,PIAUI,PI,388115
4/2/2026,2015,3,PARANA,PR,16140168
4/2/2026,2015,3,RIO DE JANEIRO,RJ,8877570
4/2/2026,2015,3,RIO GRANDE DO NORTE,RN,2439488
4/2/2026,2015,3,RORAIMA,RR,124438
4/2/2026,2015,3,RIO GRANDE DO SUL,RS,8726097
4/2/2026,2015,3,SANTA CATARINA,SC,4529313
4/2/2026,2015,3,SERGIPE,SE,3288663
4/2/2026,2015,3,SÃO PAULO,SP,22449797
4/2/2026,2015,3,TOCANTINS,TO,1907510
4/2/2026,2015,6,ACRE,AC,195699
4/2/2026,2015,6,ALAGOAS,AL,710385
4/2/2026,2015,6,AMAZONAS,AM,2262675
4/2/2026,2015,6,AMAPA,AP,927949
4/2/2026,2015,6,BAHIA,BA,8803883
4/2/2026,2015,6,CEARA,CE,3194313
4/2/2026,2015,6,DISTRITO FEDERAL,DF,55442
4/2/2026,2015,6,ESPIRITO SANTO,ES,1539575
4/2/2026,2015,6,GOIAS,GO,7373073
4/2/2026,2015,6,MARANHAO,MA,3068056
4/2/2026,2015,6,MINAS GERAIS,MG,15653931
4/2/2026,2015,6,MATO GROSSO DO SUL,MS,2246729
4/2/2026,2015,6,MATO GROSSO,MT,2904632
4/2/2026,2015,6,PARA,PA,9107258
4/2/2026,2015,6,PARAIBA,PB,642270
4/2/2026,2015,6,PERNAMBUCO,PE,3537328
4/2/2026,2015,6,PIAUI,PI,574036
4/2/2026,2015,6,PARANA,PR,16191484
4/2/2026,2015,6,RIO DE JANEIRO,RJ,8918218
4/2/2026,2015,6,RIO GRANDE DO NORTE,RN,2711860
4/2/2026,2015,6,RONDONIA,RO,5767721
4/2/2026,2015,6,RORAIMA,RR,263989
4/2/2026,2015,6,RIO GRANDE DO SUL,RS,9008493
4/2/2026,2015,6,SANTA CATARINA,SC,4545040
4/2/2026,2015,6,SERGIPE,SE,3288663
4/2/2026,2015,6,SÃO PAULO,SP,22721394
4/2/2026,2015,6,TOCANTINS,TO,1909076
4/2/2026,2015,9,ACRE,AC,195699
4/2/2026,2015,9,ALAGOAS,AL,710769
4/2/2026,2015,9,AMAZONAS,AM,2262675
4/2/2026,2015,9,AMAPA,AP,927949
4/2/2026,2015,9,BAHIA,BA,8858703
4/2/2026,2015,9,CEARA,CE,3197313
4/2/2026,2015,9,DISTRITO FEDERAL,DF,55442
4/2/2026,2015,9,ESPIRITO SANTO,ES,1539575
4/2/2026,2015,9,GOIAS,GO,7374609
4/2/2026,2015,9,MARANHAO,MA,3068605
4/2/2026,2015,9,MINAS GERAIS,MG,15659935
4/2/2026,2015,9,MATO GROSSO DO SUL,MS,2362729
4/2/2026,2015,9,MATO GROSSO,MT,2906080
4/2/2026,2015,9,PARA,PA,9127926
4/2/2026,2015,9,PARAIBA,PB,642270
4/2/2026,2015,9,PERNAMBUCO,PE,3550626
4/2/2026,2015,9,PIAUI,PI,603636
4/2/2026,2015,9,PARANA,PR,16193724
4/2/2026,2015,9,RIO DE JANEIRO,RJ,8924060
4/2/2026,2015,9,RIO GRANDE DO NORTE,RN,2803660
4/2/2026,2015,9,RONDONIA,RO,5921047
4/2/2026,2015,9,RORAIMA,RR,264345
4/2/2026,2015,9,RIO GRANDE DO SUL,RS,9128384
4/2/2026,2015,9,SANTA CATARINA,SC,4554246
4/2/2026,2015,9,SERGIPE,SE,3288847
4/2/2026,2015,9,SÃO PAULO,SP,22765707
4/2/2026,2015,9,TOCANTINS,TO,1911476
4/2/2026,2015,12,ACRE,AC,195698.7
4/2/2026,2015,12,ALAGOAS,AL,710769.1
4/2/2026,2015,12,AMAZONAS,AM,2262779.22
4/2/2026,2015,12,AMAPA,AP,940779
4/2/2026,2015,12,RIO DE JANEIRO,BA,9063787.18
4/2/2026,2015,12,CEARA,CE,3197312.9
4/2/2026,2015,12,DISTRITO FEDERAL,DF,56058.4
4/2/2026,2015,12,ESPIRITO SANTO,ES,1539815.4
4/2/2026,2015,12,GOIAS,GO,7414609.11
4/2/2026,2015,12,MARANHAO,MA,3073605.43
4/2/2026,2015,12,MINAS GERAIS,MG,15662491.79
4/2/2026,2015,12,MATO GROSSO DO SUL,MS,2362729.38
4/2/2026,2015,12,MATO GROSSO,MT,2906079.6
4/2/2026,2015,12,PARA,PA,9491915.33
4/2/2026,2015,12,PARAIBA,PB,642578.8
4/2/2026,2015,12,PERNAMBUCO,PE,3873270.95
4/2/2026,2015,12,PIAUI,PI,814186
4/2/2026,2015,12,PARANA,PR,16219526.21
4/2/2026,2015,12,BAHIA,RJ,8443724.18
4/2/2026,2015,12,RIO GRANDE DO NORTE,RN,2909859.84
4/2/2026,2015,12,RONDONIA,RO,6283516.56
4/2/2026,2015,12,RORAIMA,RR,264345.4
4/2/2026,2015,12,RIO GRANDE DO SUL,RS,9341073.58
4/2/2026,2015,12,SANTA CATARINA,SC,4565119.82
4/2/2026,2015,12,SERGIPE,SE,3290047.4
4/2/2026,2015,12,SÃO PAULO,SP,22828190.92
4/2/2026,2015,12,TOCANTINS,TO,1917772
4/2/2026,2016,3,ACRE,AC,195699
4/2/2026,2016,3,ALAGOAS,AL,710769
4/2/2026,2016,3,AMAZONAS,AM,2279542
4/2/2026,2016,3,AMAPA,AP,940779
4/2/2026,2016,3,BAHIA,BA,9379539
4/2/2026,2016,3,CEARA,CE,3239313
4/2/2026,2016,3,DISTRITO FEDERAL,DF,56058
4/2/2026,2016,3,ESPIRITO SANTO,ES,1539823
4/2/2026,2016,3,GOIAS,GO,7461020
4/2/2026,2016,3,MARANHAO,MA,3076005
4/2/2026,2016,3,MINAS GERAIS,MG,15671474
4/2/2026,2016,3,MATO GROSSO DO SUL,MS,2357369
4/2/2026,2016,3,MATO GROSSO,MT,2925960
4/2/2026,2016,3,PARA,PA,9851245
4/2/2026,2016,3,PARAIBA,PB,645579
4/2/2026,2016,3,PERNAMBUCO,PE,3875791
4/2/2026,2016,3,PIAUI,PI,1016886
4/2/2026,2016,3,PARANA,PR,16227364
4/2/2026,2016,3,RIO DE JANEIRO,RJ,8443724
4/2/2026,2016,3,RIO GRANDE DO NORTE,RN,3194200
4/2/2026,2016,3,RONDONIA,RO,6880245
4/2/2026,2016,3,RORAIMA,RR,263370
4/2/2026,2016,3,RIO GRANDE DO SUL,RS,9373986
4/2/2026,2016,3,SANTA CATARINA,SC,4572104
4/2/2026,2016,3,SERGIPE,SE,3290047
4/2/2026,2016,3,SÃO PAULO,SP,22864528
4/2/2026,2016,3,TOCANTINS,TO,1932872
4/2/2026,2016,6,Acre,AC,195698.7
4/2/2026,2016,6,Alagoas,AL,710769.1
4/2/2026,2016,6,Amazonas,AM,2285537.24
4/2/2026,2016,6,Amapa,AP,1086779
4/2/2026,2016,6,Bahia,BA,9492777.18
4/2/2026,2016,6,Ceara,CE,3283313.1
4/2/2026,2016,6,Distrito Federal,DF,56058.4
4/2/2026,2016,6,Espirito Santo,ES,1539822.9
4/2/2026,2016,6,Goias,GO,7505520.05
4/2/2026,2016,6,Maranhao,MA,3592609.43
4/2/2026,2016,6,Minas Gerais,MG,15765708.47
4/2/2026,2016,6,Mato Grosso do Sul,MS,2307369.38
4/2/2026,2016,6,Mato Grosso do Sul,MT,2972940.1
4/2/2026,2016,6,Para,PA,10538390.95
4/2/2026,2016,6,Paraiba,PB,657578.8
4/2/2026,2016,6,Pernambuco,PE,4071300.95
4/2/2026,2016,6,Piaui,PI,1016886
4/2/2026,2016,6,Parana,PR,16248359.21
4/2/2026,2016,6,Rio de Janeiro,RJ,8444919.38
4/2/2026,2016,6,Rio Grande do Norte,RN,3368799.84
4/2/2026,2016,6,Rondonia,RO,7322479.56
4/2/2026,2016,6,Roraima,RR,263360.4
4/2/2026,2016,6,Rio Grande do Sul,RS,9325557.23
4/2/2026,2016,6,Santa Catarina,SC,4574946.2
4/2/2026,2016,6,Sergipe,SE,3291247.4
4/2/2026,2016,6,São Paulo,SP,22906394.32
4/2/2026,2016,6,Tocantins,TO,1932872
4/2/2026,2016,9,Acre,AC,256090.3
4/2/2026,2016,9,Alagoas,AL,710769.1
4/2/2026,2016,9,Amazonas,AM,2303869.04
4/2/2026,2016,9,Amapa,AP,1159779
4/2/2026,2016,9,Bahia,BA,9550627.18
4/2/2026,2016,9,Ceara,CE,3683414.1
4/2/2026,2016,9,Distrito Federal,DF,56058.4
4/2/2026,2016,9,Espirito Santo,ES,1539822.9
4/2/2026,2016,9,Goias,GO,7570920.05
4/2/2026,2016,9,Maranhao,MA,3592609.43
4/2/2026,2016,9,Minas Gerais,MG,15792069.15
4/2/2026,2016,9,Mato Grosso do Sul,MS,2360207.38
4/2/2026,2016,9,Mato Grosso do Sul,MT,3086236.1
4/2/2026,2016,9,Para,PA,12927415.08
4/2/2026,2016,9,Paraiba,PB,657578.8
4/2/2026,2016,9,Pernambuco,PE,4097631.95
4/2/2026,2016,9,Piaui,PI,1150286
4/2/2026,2016,9,Parana,PR,16626567.82
4/2/2026,2016,9,Rio de Janeiro,RJ,8445493.78
4/2/2026,2016,9,Rio Grande do Norte,RN,3712399.84
4/2/2026,2016,9,Rondonia,RO,8017439.56
4/2/2026,2016,9,Roraima,RR,263360.4
4/2/2026,2016,9,Rio Grande do Sul,RS,9337886.73
4/2/2026,2016,9,Santa Catarina,SC,4583300.02
4/2/2026,2016,9,Sergipe,SE,3295871.4
4/2/2026,2016,9,São Paulo,SP,22989821.42
4/2/2026,2016,9,Tocantins,TO,1932872
4/2/2026,2016,12,Acre,AC,258290.3
4/2/2026,2016,12,Alagoas,AL,729369.1
4/2/2026,2016,12,Amazonas,AM,2303799.04
4/2/2026,2016,12,Amapa,AP,1159779
4/2/2026,2016,12,Bahia,BA,9582661.18
4/2/2026,2016,12,Ceara,CE,3691514.1
4/2/2026,2016,12,Distrito Federal,DF,56058.4
4/2/2026,2016,12,Espirito Santo,ES,1539642.9
4/2/2026,2016,12,Goias,GO,7563968.05
4/2/2026,2016,12,Maranhao,MA,3592609.43
4/2/2026,2016,12,Minas Gerais,MG,15797899.95
4/2/2026,2016,12,Mato Grosso do Sul,MS,2312411.38
4/2/2026,2016,12,Mato Grosso do Sul,MT,3088606.1
4/2/2026,2016,12,Para,PA,12966433.08
4/2/2026,2016,12,Paraiba,PB,657578.8
4/2/2026,2016,12,Pernambuco,PE,4152131.95
4/2/2026,2016,12,Piaui,PI,1196286
4/2/2026,2016,12,Parana,PR,16641322.92
4/2/2026,2016,12,Rio de Janeiro,RJ,8447617.78
4/2/2026,2016,12,Rio Grande do Norte,RN,3834199.84
4/2/2026,2016,12,Rondonia,RO,8017439.56
4/2/2026,2016,12,Roraima,RR,263360.4
4/2/2026,2016,12,Rio Grande do Sul,RS,9403343.43
4/2/2026,2016,12,Santa Catarina,SC,4588504.92
4/2/2026,2016,12,Sergipe,SE,3295871.4
4/2/2026,2016,12,São Paulo,SP,23062166.47
4/2/2026,2016,12,Tocantins,TO,1932872
4/2/2026,2017,3,Acre,AC,250401.9
4/2/2026,2017,3,Alagoas,AL,729369.1
4/2/2026,2017,3,Amazonas,AM,2284949.04
4/2/2026,2017,3,Amapa,AP,1159779
4/2/2026,2017,3,Bahia,BA,9593921.34
4/2/2026,2017,3,Ceara,CE,3732014.1
4/2/2026,2017,3,Distrito Federal,DF,56058.4
4/2/2026,2017,3,Espirito Santo,ES,1538238.9
4/2/2026,2017,3,Goias,GO,7574928.09
4/2/2026,2017,3,Maranhao,MA,3592609.43
4/2/2026,2017,3,Minas Gerais,MG,15801826.49
4/2/2026,2017,3,Mato Grosso do Sul,MS,2312411.38
4/2/2026,2017,3,Mato Grosso do Sul,MT,3090647.35
4/2/2026,2017,3,Para,PA,13715633.48
4/2/2026,2017,3,Paraiba,PB,657578.8
4/2/2026,2017,3,Pernambuco,PE,4156381.59
4/2/2026,2017,3,Piaui,PI,1292886
4/2/2026,2017,3,Parana,PR,16643656.32
4/2/2026,2017,3,Rio de Janeiro,RJ,8451853.73
4/2/2026,2017,3,Rio Grande do Norte,RN,3834199.84
4/2/2026,2017,3,Rondonia,RO,8396091.68
4/2/2026,2017,3,Roraima,RR,263360.4
4/2/2026,2017,3,Rio Grande do Sul,RS,9527879.28
4/2/2026,2017,3,Santa Catarina,SC,4627586.76
4/2/2026,2017,3,Sergipe,SE,3295871.4
4/2/2026,2017,3,São Paulo,SP,23062720.75
4/2/2026,2017,3,Tocantins,TO,1932872
4/2/2026,2017,6,Acre,AC,250401.9
4/2/2026,2017,6,Alagoas,AL,729369.1
4/2/2026,2017,6,Amazonas,AM,2280149.04
4/2/2026,2017,6,Amapa,AP,1159779
4/2/2026,2017,6,Bahia,BA,9713921.66
4/2/2026,2017,6,Ceara,CE,3806014.1
4/2/2026,2017,6,Distrito Federal,DF,56058.4
4/2/2026,2017,6,Espirito Santo,ES,1539618.9
4/2/2026,2017,6,Goias,GO,7590628.09
4/2/2026,2017,6,Maranhao,MA,3592609.43
4/2/2026,2017,6,Minas Gerais,MG,15870608.19
4/2/2026,2017,6,Mato Grosso do Sul,MS,2360411.38
4/2/2026,2017,6,Mato Grosso do Sul,MT,3090647.35
4/2/2026,2017,6,Para,PA,14272047.79
4/2/2026,2017,6,Paraiba,PB,688478.8
4/2/2026,2017,6,Pernambuco,PE,4202971.59
4/2/2026,2017,6,Piaui,PI,1363686
4/2/2026,2017,6,Parana,PR,16647832.07
4/2/2026,2017,6,Rio de Janeiro,RJ,8456231.73
4/2/2026,2017,6,Rio Grande do Norte,RN,3942499.84
4/2/2026,2017,6,Rondonia,RO,8347722.68
4/2/2026,2017,6,Roraima,RR,263398.58
4/2/2026,2017,6,Rio Grande do Sul,RS,9485127.96
4/2/2026,2017,6,Santa Catarina,SC,4633185.36
4/2/2026,2017,6,Sergipe,SE,3295871.4
4/2/2026,2017,6,São Paulo,SP,23023930.35
4/2/2026,2017,6,Tocantins,TO,1932872
4/2/2026,2017,9,Acre,AC,250242.7
4/2/2026,2017,9,Alagoas,AL,728969.1
4/2/2026,2017,9,Amazonas,AM,2262655.04
4/2/2026,2017,9,Amapa,AP,1159779
4/2/2026,2017,9,Bahia,BA,9897921.66
4/2/2026,2017,9,Ceara,CE,3804462.1
4/2/2026,2017,9,Distrito Federal,DF,56058.4
4/2/2026,2017,9,Espirito Santo,ES,1543264.9
4/2/2026,2017,9,Goias,GO,7612136.09
4/2/2026,2017,9,Maranhao,MA,3785809.43
4/2/2026,2017,9,Minas Gerais,MG,15932313.96
4/2/2026,2017,9,Mato Grosso do Sul,MS,2372311.38
4/2/2026,2017,9,Mato Grosso do Sul,MT,3149237.35
4/2/2026,2017,9,Para,PA,14867323.5
4/2/2026,2017,9,Paraiba,PB,682178.8
4/2/2026,2017,9,Pernambuco,PE,4204019.34
4/2/2026,2017,9,Piaui,PI,1657286
4/2/2026,2017,9,Parana,PR,16653130.07
4/2/2026,2017,9,Rio de Janeiro,RJ,8467892.13
4/2/2026,2017,9,Rio Grande do Norte,RN,3969499.84
4/2/2026,2017,9,Rondonia,RO,8344810.68
4/2/2026,2017,9,Roraima,RR,263592.58
4/2/2026,2017,9,Rio Grande do Sul,RS,9565877.96
4/2/2026,2017,9,Santa Catarina,SC,4640539.16
4/2/2026,2017,9,Sergipe,SE,3295871.4
4/2/2026,2017,9,São Paulo,SP,23034679.75
4/2/2026,2017,9,Tocantins,TO,1932229
4/2/2026,2017,12,ACRE,AC,250242.7
4/2/2026,2017,12,ALAGOAS,AL,730386.6
4/2/2026,2017,12,AMAZONAS,AM,2279111.04
4/2/2026,2017,12,AMAPÁ,AP,1183368.2
4/2/2026,2017,12,BAHIA,BA,10458161.82
4/2/2026,2017,12,CEARÁ,CE,4000712.1
4/2/2026,2017,12,DISTRITO FEDERAL,DF,56058.4
4/2/2026,2017,12,ESPÍRITO SANTO,ES,1565456.9
4/2/2026,2017,12,GOIÁS,GO,7649637.79
4/2/2026,2017,12,MARANHÃO,MA,3813409.43
4/2/2026,2017,12,MINAS GERAIS,MG,16179000.07
4/2/2026,2017,12,MATO GROSSO DO SUL,MS,2642371.38
4/2/2026,2017,12,Mato Grosso do Sul,MT,3114783.95
4/2/2026,2017,12,PARÁ,PA,15834438.61
4/2/2026,2017,12,PARAÍBA,PB,776678.8
4/2/2026,2017,12,PERNAMBUCO,PE,4283645.34
4/2/2026,2017,12,PIAUÍ,PI,2009786
4/2/2026,2017,12,PARANÁ,PR,16666239.87
4/2/2026,2017,12,RIO DE JANEIRO,RJ,8482205.53
4/2/2026,2017,12,RIO GRANDE DO NORTE,RN,4220699.84
4/2/2026,2017,12,RONDÔNIA,RO,8354994.18
4/2/2026,2017,12,RORAIMA,RR,263772.58
4/2/2026,2017,12,RIO GRANDE DO SUL,RS,9582007.96
4/2/2026,2017,12,SANTA CATARINA,SC,4704375.81
4/2/2026,2017,12,SERGIPE,SE,3296239.4
4/2/2026,2017,12,SÃO PAULO,SP,23074499.05
4/2/2026,2017,12,TOCANTINS,TO,1932229
4/2/2026,2018,3,ACRE,AC,235822.3
4/2/2026,2018,3,ALAGOAS,AL,730386.6
4/2/2026,2018,3,AMAZONAS,AM,2468661.04
4/2/2026,2018,3,AMAPÁ,AP,1183368.2
4/2/2026,2018,3,BAHIA,BA,10588625.82
4/2/2026,2018,3,CEARÁ,CE,4000712.1
4/2/2026,2018,3,DISTRITO FEDERAL,DF,56058.4
4/2/2026,2018,3,ESPÍRITO SANTO,ES,1565456.9
4/2/2026,2018,3,GOIÁS,GO,7672431.19
4/2/2026,2018,3,MARANHÃO,MA,3813409.43
4/2/2026,2018,3,MINAS GERAIS,MG,16183526.14
4/2/2026,2018,3,MATO GROSSO DO SUL,MS,2464041.38
4/2/2026,2018,3,Mato Grosso do Sul,MT,3113783.15
4/2/2026,2018,3,PARÁ,PA,16631036.72
4/2/2026,2018,3,PARAÍBA,PB,776678.8
4/2/2026,2018,3,PERNAMBUCO,PE,4279045.34
4/2/2026,2018,3,PIAUÍ,PI,2009786
4/2/2026,2018,3,PARANÁ,PR,16668661.75
4/2/2026,2018,3,RIO DE JANEIRO,RJ,8467205.53
4/2/2026,2018,3,RIO GRANDE DO NORTE,RN,4284599.84
4/2/2026,2018,3,RONDÔNIA,RO,8352117.18
4/2/2026,2018,3,RORAIMA,RR,263791.78
4/2/2026,2018,3,RIO GRANDE DO SUL,RS,9582075.76
4/2/2026,2018,3,SANTA CATARINA,SC,4711049.61
4/2/2026,2018,3,SERGIPE,SE,3296239.4
4/2/2026,2018,3,SÃO PAULO,SP,23165256.05
4/2/2026,2018,3,TOCANTINS,TO,1932229
4/2/2026,2018,6,Acre,AC,161204.9
4/2/2026,2018,6,Alagoas,AL,730386.6
4/2/2026,2018,6,Amazonas,AM,2468661.04
4/2/2026,2018,6,Amapa,AP,1029268.2
4/2/2026,2018,6,Bahia,BA,10819281.82
4/2/2026,2018,6,Ceara,CE,4102212.1
4/2/2026,2018,6,Distrito Federal,DF,56058.4
4/2/2026,2018,6,Espirito Santo,ES,1547166.9
4/2/2026,2018,6,Goias,GO,7690453.69
4/2/2026,2018,6,Maranhao,MA,3813409.43
4/2/2026,2018,6,Minas Gerais,MG,16284116.14
4/2/2026,2018,6,Mato Grosso do Sul,MS,2483185.39
4/2/2026,2018,6,Mato Grosso do Sul,MT,3119243.15
4/2/2026,2018,6,Para,PA,17441294.03
4/2/2026,2018,6,Paraiba,PB,776678.8
4/2/2026,2018,6,Pernambuco,PE,4279045.34
4/2/2026,2018,6,Piaui,PI,2009786
4/2/2026,2018,6,Parana,PR,16677341.75
4/2/2026,2018,6,Rio de Janeiro,RJ,8467205.53
4/2/2026,2018,6,Rio Grande do Norte,RN,4361099.84
4/2/2026,2018,6,Rondonia,RO,8352117.18
4/2/2026,2018,6,Roraima,RR,263813.38
4/2/2026,2018,6,Rio Grande do Sul,RS,9581290.76
4/2/2026,2018,6,Santa Catarina,SC,4724799.61
4/2/2026,2018,6,Sergipe,SE,3296239.4
4/2/2026,2018,6,São Paulo,SP,23271970.77
4/2/2026,2018,6,Tocantins,TO,1937729
4/2/2026,2018,9,Acre,AC,115707.8
4/2/2026,2018,9,Alagoas,AL,730386.6
4/2/2026,2018,9,Amazonas,AM,2468661.04
4/2/2026,2018,9,Amapa,AP,1029268.2
4/2/2026,2018,9,Bahia,BA,11271481.82
4/2/2026,2018,9,Ceara,CE,4114812.1
4/2/2026,2018,9,Distrito Federal,DF,56058.4
4/2/2026,2018,9,Espirito Santo,ES,1564679.63
4/2/2026,2018,9,Goias,GO,7699953.69
4/2/2026,2018,9,Maranhao,MA,3813409.43
4/2/2026,2018,9,Minas Gerais,MG,16304441.22
4/2/2026,2018,9,Mato Grosso do Sul,MS,2481656.39
4/2/2026,2018,9,Mato Grosso do Sul,MT,3107350.48
4/2/2026,2018,9,Para,PA,17441875.03
4/2/2026,2018,9,Paraiba,PB,776678.8
4/2/2026,2018,9,Pernambuco,PE,4279153.34
4/2/2026,2018,9,Piaui,PI,2009786
4/2/2026,2018,9,Parana,PR,16688225.3
4/2/2026,2018,9,Rio de Janeiro,RJ,8487215.78
4/2/2026,2018,9,Rio Grande do Norte,RN,4361099.84
4/2/2026,2018,9,Rondonia,RO,8308669.18
4/2/2026,2018,9,Roraima,RR,263813.38
4/2/2026,2018,9,Rio Grande do Sul,RS,9588252.76
4/2/2026,2018,9,Santa Catarina,SC,4735457.51
4/2/2026,2018,9,Sergipe,SE,3296239.4
4/2/2026,2018,9,São Paulo,SP,23310635.27
4/2/2026,2018,9,Tocantins,TO,1937753
4/2/2026,2018,12,ACRE,AC,115727.8
4/2/2026,2018,12,ALAGOAS,AL,746386.6
4/2/2026,2018,12,AMAZONAS,AM,2190897.64
4/2/2026,2018,12,AMAPÁ,AP,1037816.2
4/2/2026,2018,12,BAHIA,BA,11713162.82
4/2/2026,2018,12,CEARÁ,CE,4352085.1
4/2/2026,2018,12,DISTRITO FEDERAL,DF,56358.4
4/2/2026,2018,12,ESPÍRITO SANTO,ES,1597901.63
4/2/2026,2018,12,GOIÁS,GO,7723304.69
4/2/2026,2018,12,MARANHÃO,MA,3899122.43
4/2/2026,2018,12,MINAS GERAIS,MG,16529981.07
4/2/2026,2018,12,MATO GROSSO DO SUL,MS,2509658.39
4/2/2026,2018,12,MATO GROSSO,MT,3087337.98
4/2/2026,2018,12,PARÁ,PA,19239105.88
4/2/2026,2018,12,PARAÍBA,PB,858078.8
4/2/2026,2018,12,PERNAMBUCO,PE,4279378.64
4/2/2026,2018,12,PIAUÍ,PI,2213986
4/2/2026,2018,12,PARANÁ,PR,16701760.3
4/2/2026,2018,12,RIO DE JANEIRO,RJ,8496760.68
4/2/2026,2018,12,RIO GRANDE DO NORTE,RN,4549399.99
4/2/2026,2018,12,RONDÔNIA,RO,8311378.6
4/2/2026,2018,12,RORAIMA,RR,285568.38
4/2/2026,2018,12,RIO GRANDE DO SUL,RS,9104710.16
4/2/2026,2018,12,SANTA CATARINA,SC,4740565.71
4/2/2026,2018,12,SERGIPE,SE,3296559.4
4/2/2026,2018,12,SÃO PAULO,SP,23362600.67
4/2/2026,2018,12,TOCANTINS,TO,1937803
4/2/2026,2019,3,ACRE,AC,116542.8
4/2/2026,2019,3,ALAGOAS,AL,746386.6
4/2/2026,2019,3,AMAZONAS,AM,2194457.64
4/2/2026,2019,3,AMAPÁ,AP,1037816.2
4/2/2026,2019,3,BAHIA,BA,11937758.82
4/2/2026,2019,3,CEARÁ,CE,4430835.1
4/2/2026,2019,3,DISTRITO FEDERAL,DF,46358.4
4/2/2026,2019,3,ESPÍRITO SANTO,ES,1598659.53
4/2/2026,2019,3,GOIÁS,GO,7732564.69
4/2/2026,2019,3,MARANHÃO,MA,3928422.43
4/2/2026,2019,3,MINAS GERAIS,MG,16576907.22
4/2/2026,2019,3,MATO GROSSO DO SUL,MS,2528658.39
4/2/2026,2019,3,MATO GROSSO,MT,3186503.98
4/2/2026,2019,3,PARÁ,PA,19239227.88
4/2/2026,2019,3,PARAÍBA,PB,888258.8
4/2/2026,2019,3,PERNAMBUCO,PE,4284378.64
4/2/2026,2019,3,PIAUÍ,PI,2213986
4/2/2026,2019,3,PARANÁ,PR,16941553.58
4/2/2026,2019,3,RIO DE JANEIRO,RJ,8498680.68
4/2/2026,2019,3,RIO GRANDE DO NORTE,RN,4658599.99
4/2/2026,2019,3,RONDÔNIA,RO,8311378.6
4/2/2026,2019,3,RORAIMA,RR,285568.38
4/2/2026,2019,3,RIO GRANDE DO SUL,RS,9113010.16
4/2/2026,2019,3,SANTA CATARINA,SC,4744625.71
4/2/2026,2019,3,SERGIPE,SE,3296559.4
4/2/2026,2019,3,SÃO PAULO,SP,23367938.07
4/2/2026,2019,3,TOCANTINS,TO,1942803
4/2/2026,2019,6,ACRE,AC,116542.8
4/2/2026,2019,6,ALAGOAS,AL,746410.6
4/2/2026,2019,6,AMAZONAS,AM,2194457.64
4/2/2026,2019,6,AMAPÁ,AP,992216.2
4/2/2026,2019,6,BAHIA,BA,12095258.82
4/2/2026,2019,6,CEARÁ,CE,4433085.1
4/2/2026,2019,6,DISTRITO FEDERAL,DF,46358.4
4/2/2026,2019,6,ESPÍRITO SANTO,ES,1598651.53
4/2/2026,2019,6,GOIÁS,GO,7759764.69
4/2/2026,2019,6,MARANHÃO,MA,3928422.43
4/2/2026,2019,6,MINAS GERAIS,MG,16584108.26
4/2/2026,2019,6,MATO GROSSO DO SUL,MS,2528658.39
4/2/2026,2019,6,MATO GROSSO,MT,3220433.98
4/2/2026,2019,6,PARÁ,PA,20461450.1
4/2/2026,2019,6,PARAÍBA,PB,888258.8
4/2/2026,2019,6,PERNAMBUCO,PE,4306372.64
4/2/2026,2019,6,PIAUÍ,PI,2213986
4/2/2026,2019,6,PARANÁ,PR,17067112.28
4/2/2026,2019,6,RIO DE JANEIRO,RJ,8516580.28
4/2/2026,2019,6,RIO GRANDE DO NORTE,RN,4692199.99
4/2/2026,2019,6,RONDÔNIA,RO,8317845.6
4/2/2026,2019,6,RORAIMA,RR,285568.38
4/2/2026,2019,6,RIO GRANDE DO SUL,RS,9108107.36
4/2/2026,2019,6,SANTA CATARINA,SC,4753101.18
4/2/2026,2019,6,SERGIPE,SE,3296559.4
4/2/2026,2019,6,SÃO PAULO,SP,23384522.83
4/2/2026,2019,6,TOCANTINS,TO,1942803
4/2/2026,2019,9,ACRE,AC,116542.8
4/2/2026,2019,9,ALAGOAS,AL,746410.6
4/2/2026,2019,9,AMAZONAS,AM,2213116.64
4/2/2026,2019,9,AMAPÁ,AP,992216.2
4/2/2026,2019,9,BAHIA,BA,12158158.82
4/2/2026,2019,9,CEARÁ,CE,4433085.1
4/2/2026,2019,9,DISTRITO FEDERAL,DF,46358.4
4/2/2026,2019,9,ESPÍRITO SANTO,ES,1598651.53
4/2/2026,2019,9,GOIÁS,GO,7759697.29
4/2/2026,2019,9,MARANHÃO,MA,3928422.43
4/2/2026,2019,9,MINAS GERAIS,MG,16599472.36
4/2/2026,2019,9,MATO GROSSO DO SUL,MS,2521937.39
4/2/2026,2019,9,MATO GROSSO,MT,3521373.98
4/2/2026,2019,9,PARÁ,PA,21048751.66
4/2/2026,2019,9,PARAÍBA,PB,889356.8
4/2/2026,2019,9,PERNAMBUCO,PE,4320780.64
4/2/2026,2019,9,PIAUÍ,PI,2213986
4/2/2026,2019,9,PARANÁ,PR,17075924.28
4/2/2026,2019,9,RIO DE JANEIRO,RJ,8510580.28
4/2/2026,2019,9,RIO GRANDE DO NORTE,RN,4706599.99
4/2/2026,2019,9,RONDÔNIA,RO,8318883.6
4/2/2026,2019,9,RORAIMA,RR,343784.38
4/2/2026,2019,9,RIO GRANDE DO SUL,RS,9462127.36
4/2/2026,2019,9,SANTA CATARINA,SC,4763303.78
4/2/2026,2019,9,SERGIPE,SE,3296559.4
4/2/2026,2019,9,SÃO PAULO,SP,23625872.43
4/2/2026,2019,9,TOCANTINS,TO,1950823
4/2/2026,2019,12,ACRE,AC,116542.8
4/2/2026,2019,12,ALAGOAS,AL,739010.6
4/2/2026,2019,12,AMAZONAS,AM,2341320.14
4/2/2026,2019,12,AMAPÁ,AP,992216.2
4/2/2026,2019,12,BAHIA,BA,12326781.42
4/2/2026,2019,12,CEARÁ,CE,4433085.1
4/2/2026,2019,12,DISTRITO FEDERAL,DF,46358.4
4/2/2026,2019,12,ESPÍRITO SANTO,ES,1599022.53
4/2/2026,2019,12,GOIÁS,GO,7760537.29
4/2/2026,2019,12,MARANHÃO,MA,4025622.43
4/2/2026,2019,12,MINAS GERAIS,MG,16595927.36
4/2/2026,2019,12,MATO GROSSO DO SUL,MS,2525937.39
4/2/2026,2019,12,MATO GROSSO,MT,3906743.18
4/2/2026,2019,12,PARÁ,PA,22890497.15
4/2/2026,2019,12,PARAÍBA,PB,889356.8
4/2/2026,2019,12,PERNAMBUCO,PE,4301816.64
4/2/2026,2019,12,PIAUÍ,PI,2213986
4/2/2026,2019,12,PARANÁ,PR,17116313.12
4/2/2026,2019,12,RIO DE JANEIRO,RJ,8516180.28
4/2/2026,2019,12,RIO GRANDE DO NORTE,RN,4798159.99
4/2/2026,2019,12,RONDÔNIA,RO,8318883.6
4/2/2026,2019,12,RORAIMA,RR,343784.38
4/2/2026,2019,12,RIO GRANDE DO SUL,RS,9464614.29
4/2/2026,2019,12,SANTA CATARINA,SC,4779548.18
4/2/2026,2019,12,SERGIPE,SE,3296559.4
4/2/2026,2019,12,SÃO PAULO,SP,23736894.48
4/2/2026,2019,12,TOCANTINS,TO,1950823
4/2/2026,2020,3,ACRE,AC,116542.8
4/2/2026,2020,3,ALAGOAS,AL,739010.6
4/2/2026,2020,3,AMAZONAS,AM,2464949.14
4/2/2026,2020,3,AMAPÁ,AP,992216.2
4/2/2026,2020,3,BAHIA,BA,12366781.42
4/2/2026,2020,3,CEARÁ,CE,4433085.1
4/2/2026,2020,3,DISTRITO FEDERAL,DF,46358.4
4/2/2026,2020,3,ESPÍRITO SANTO,ES,1600481.53
4/2/2026,2020,3,GOIÁS,GO,7765037.29
4/2/2026,2020,3,MARANHÃO,MA,4025622.43
4/2/2026,2020,3,MINAS GERAIS,MG,16598703.36
4/2/2026,2020,3,MATO GROSSO DO SUL,MS,2533437.39
4/2/2026,2020,3,MATO GROSSO,MT,3919121.68
4/2/2026,2020,3,PARÁ,PA,22890606.15
4/2/2026,2020,3,PARAÍBA,PB,893156.8
4/2/2026,2020,3,PERNAMBUCO,PE,4306316.64
4/2/2026,2020,3,PIAUÍ,PI,2409666
4/2/2026,2020,3,PARANÁ,PR,17115954.12
4/2/2026,2020,3,RIO DE JANEIRO,RJ,8519182.28
4/2/2026,2020,3,RIO GRANDE DO NORTE,RN,4875734.99
4/2/2026,2020,3,RONDÔNIA,RO,8330883.6
4/2/2026,2020,3,RORAIMA,RR,346104.38
4/2/2026,2020,3,RIO GRANDE DO SUL,RS,9472136.04
4/2/2026,2020,3,SANTA CATARINA,SC,4806203.88
4/2/2026,2020,3,SERGIPE,SE,4479477.4
4/2/2026,2020,3,SÃO PAULO,SP,23763172.98
4/2/2026,2020,3,TOCANTINS,TO,1950823
4/2/2026,2020,6,ACRE,AC,72703.8
4/2/2026,2020,6,ALAGOAS,AL,737760.6
4/2/2026,2020,6,AMAZONAS,AM,2509555.14
4/2/2026,2020,6,AMAPÁ,AP,992216.2
4/2/2026,2020,6,BAHIA,BA,12421381.42
4/2/2026,2020,6,CEARÁ,CE,4484085.1
4/2/2026,2020,6,DISTRITO FEDERAL,DF,46358.4
4/2/2026,2020,6,ESPÍRITO SANTO,ES,1600664.53
4/2/2026,2020,6,GOIÁS,GO,7765037.29
4/2/2026,2020,6,MARANHÃO,MA,4025833.03
4/2/2026,2020,6,MINAS GERAIS,MG,16637713.76
4/2/2026,2020,6,MATO GROSSO DO SUL,MS,2533437.39
4/2/2026,2020,6,MATO GROSSO,MT,3921721.68
4/2/2026,2020,6,PARÁ,PA,22890606.15
4/2/2026,2020,6,PARAÍBA,PB,888878.8
4/2/2026,2020,6,PERNAMBUCO,PE,4306316.64
4/2/2026,2020,6,PIAUÍ,PI,2658170
4/2/2026,2020,6,PARANÁ,PR,17115954.12
4/2/2026,2020,6,RIO DE JANEIRO,RJ,8519182.28
4/2/2026,2020,6,RIO GRANDE DO NORTE,RN,4997639.99
4/2/2026,2020,6,RONDÔNIA,RO,8330883.6
4/2/2026,2020,6,RORAIMA,RR,346104.38
4/2/2026,2020,6,RIO GRANDE DO SUL,RS,9472176.04
4/2/2026,2020,6,SANTA CATARINA,SC,4811494.38
4/2/2026,2020,6,SERGIPE,SE,4812201.4
4/2/2026,2020,6,SÃO PAULO,SP,23856902.98
4/2/2026,2020,6,TOCANTINS,TO,1950612
4/2/2026,2020,9,ACRE,AC,72703.8
4/2/2026,2020,9,ALAGOAS,AL,739167.3
4/2/2026,2020,9,AMAZONAS,AM,2545981.64
4/2/2026,2020,9,AMAPÁ,AP,992216.2
4/2/2026,2020,9,BAHIA,BA,12623881.42
4/2/2026,2020,9,CEARÁ,CE,4556085.1
4/2/2026,2020,9,DISTRITO FEDERAL,DF,46358.4
4/2/2026,2020,9,ESPÍRITO SANTO,ES,1600954.53
4/2/2026,2020,9,GOIÁS,GO,7781826.31
4/2/2026,2020,9,MARANHÃO,MA,4025833.03
4/2/2026,2020,9,MINAS GERAIS,MG,16651791.28
4/2/2026,2020,9,MATO GROSSO DO SUL,MS,2540037.39
4/2/2026,2020,9,MATO GROSSO,MT,3951444.08
4/2/2026,2020,9,PARÁ,PA,22838540.95
4/2/2026,2020,9,PARAÍBA,PB,888478.8
4/2/2026,2020,9,PERNAMBUCO,PE,4356316.64
4/2/2026,2020,9,PIAUÍ,PI,2741396
4/2/2026,2020,9,PARANÁ,PR,17118114.12
4/2/2026,2020,9,RIO DE JANEIRO,RJ,8518502.28
4/2/2026,2020,9,RIO GRANDE DO NORTE,RN,5211709.29
4/2/2026,2020,9,RONDÔNIA,RO,8342883.6
4/2/2026,2020,9,RORAIMA,RR,346984.38
4/2/2026,2020,9,RIO GRANDE DO SUL,RS,9506741.04
4/2/2026,2020,9,SANTA CATARINA,SC,4824259.38
4/2/2026,2020,9,SERGIPE,SE,4812201.4
4/2/2026,2020,9,SÃO PAULO,SP,23867022.98
4/2/2026,2020,9,TOCANTINS,TO,1950612
4/2/2026,2020,12,ACRE,AC,72703.8
4/2/2026,2020,12,ALAGOAS,AL,739167.3
4/2/2026,2020,12,AMAZONAS,AM,2341406.14
4/2/2026,2020,12,AMAPÁ,AP,1082216.2
4/2/2026,2020,12,BAHIA,BA,12871836.42
4/2/2026,2020,12,CEARÁ,CE,4566965.1
4/2/2026,2020,12,DISTRITO FEDERAL,DF,46358.4
4/2/2026,2020,12,ESPÍRITO SANTO,ES,1600954.53
4/2/2026,2020,12,GOIÁS,GO,7781826.31
4/2/2026,2020,12,MARANHÃO,MA,4008658.63
4/2/2026,2020,12,MINAS GERAIS,MG,16689960.63
4/2/2026,2020,12,MATO GROSSO DO SUL,MS,2539537.39
4/2/2026,2020,12,MATO GROSSO,MT,3951444.08
4/2/2026,2020,12,PARÁ,PA,22842171.35
4/2/2026,2020,12,PARAÍBA,PB,914018.8
4/2/2026,2020,12,PERNAMBUCO,PE,4361402.64
4/2/2026,2020,12,PIAUÍ,PI,3392694
4/2/2026,2020,12,PARANÁ,PR,17142994.12
4/2/2026,2020,12,RIO DE JANEIRO,RJ,8534266.28
4/2/2026,2020,12,RIO GRANDE DO NORTE,RN,5441759.29
4/2/2026,2020,12,RONDÔNIA,RO,8342883.6
4/2/2026,2020,12,RORAIMA,RR,346984.38
4/2/2026,2020,12,RIO GRANDE DO SUL,RS,9545415.04
4/2/2026,2020,12,SANTA CATARINA,SC,4820584.1
4/2/2026,2020,12,SERGIPE,SE,4812199.4
4/2/2026,2020,12,SÃO PAULO,SP,23908492.98
4/2/2026,2020,12,TOCANTINS,TO,1960612
4/2/2026,2021,3,ACRE,AC,72703.8
4/2/2026,2021,3,ALAGOAS,AL,739167.3
4/2/2026,2021,3,AMAZONAS,AM,2384878.14
4/2/2026,2021,3,AMAPÁ,AP,1082216.2
4/2/2026,2021,3,BAHIA,BA,12907236.42
4/2/2026,2021,3,CEARÁ,CE,4667765.1
4/2/2026,2021,3,DISTRITO FEDERAL,DF,46358.4
4/2/2026,2021,3,ESPÍRITO SANTO,ES,1602466.53
4/2/2026,2021,3,GOIÁS,GO,7741826.31
4/2/2026,2021,3,MARANHÃO,MA,4008658.63
4/2/2026,2021,3,MINAS GERAIS,MG,16563912.88
4/2/2026,2021,3,MATO GROSSO DO SUL,MS,2539537.39
4/2/2026,2021,3,MATO GROSSO,MT,3963444.08
4/2/2026,2021,3,PARÁ,PA,22844084.35
4/2/2026,2021,3,PARAÍBA,PB,919245.2
4/2/2026,2021,3,PERNAMBUCO,PE,4363513.64
4/2/2026,2021,3,PIAUÍ,PI,3585544
4/2/2026,2021,3,PARANÁ,PR,17160874.12
4/2/2026,2021,3,RIO DE JANEIRO,RJ,8539066.28
4/2/2026,2021,3,RIO GRANDE DO NORTE,RN,5594567.29
4/2/2026,2021,3,RONDÔNIA,RO,8342883.6
4/2/2026,2021,3,RORAIMA,RR,346984.38
4/2/2026,2021,3,RIO GRANDE DO SUL,RS,9555917.04
4/2/2026,2021,3,SANTA CATARINA,SC,4829941.6
4/2/2026,2021,3,SERGIPE,SE,4812199.4
4/2/2026,2021,3,SÃO PAULO,SP,23913875.98
4/2/2026,2021,3,TOCANTINS,TO,1960612
4/2/2026,2021,6,ACRE,AC,72703.6
4/2/2026,2021,6,ALAGOAS,AL,739607.3
4/2/2026,2021,6,AMAZONAS,AM,2425640.14
4/2/2026,2021,6,AMAPÁ,AP,1082216.2
4/2/2026,2021,6,BAHIA,BA,13245936.42
4/2/2026,2021,6,CEARÁ,CE,4772765.1
4/2/2026,2021,6,DISTRITO FEDERAL,DF,46358.4
4/2/2026,2021,6,ESPÍRITO SANTO,ES,1602466.53
4/2/2026,2021,6,GOIÁS,GO,7733126.31
4/2/2026,2021,6,MARANHÃO,MA,4008658.63
4/2/2026,2021,6,MINAS GERAIS,MG,16555137.88
4/2/2026,2021,6,MATO GROSSO DO SUL,MS,2616537.39
4/2/2026,2021,6,MATO GROSSO,MT,3954323.1
4/2/2026,2021,6,PARÁ,PA,22850008.35
4/2/2026,2021,6,PARAÍBA,PB,921462.4
4/2/2026,2021,6,PERNAMBUCO,PE,4418478.64
4/2/2026,2021,6,PIAUÍ,PI,3699794
4/2/2026,2021,6,PARANÁ,PR,17155948.12
4/2/2026,2021,6,RIO DE JANEIRO,RJ,8533066.28
4/2/2026,2021,6,RIO GRANDE DO NORTE,RN,5871482.29
4/2/2026,2021,6,RONDÔNIA,RO,8341071.1
4/2/2026,2021,6,RORAIMA,RR,347072.78
4/2/2026,2021,6,RIO GRANDE DO SUL,RS,9586005.04
4/2/2026,2021,6,SANTA CATARINA,SC,4841717.58
4/2/2026,2021,6,SERGIPE,SE,4812759.4
4/2/2026,2021,6,SÃO PAULO,SP,23962710.67
4/2/2026,2021,6,TOCANTINS,TO,1960612
4/2/2026,2021,9,ACRE,AC,72703.6
4/2/2026,2021,9,ALAGOAS,AL,739607.3
4/2/2026,2021,9,AMAZONAS,AM,2353716.14
4/2/2026,2021,9,AMAPÁ,AP,1081896.2
4/2/2026,2021,9,BAHIA,BA,13721574.15
4/2/2026,2021,9,CEARÁ,CE,4773791.1
4/2/2026,2021,9,DISTRITO FEDERAL,DF,49208.4
4/2/2026,2021,9,ESPÍRITO SANTO,ES,1613534.13
4/2/2026,2021,9,GOIÁS,GO,7780626.31
4/2/2026,2021,9,MARANHÃO,MA,4008658.63
4/2/2026,2021,9,MINAS GERAIS,MG,16673773.88
4/2/2026,2021,9,MATO GROSSO DO SUL,MS,2793653.39
4/2/2026,2021,9,MATO GROSSO,MT,3950133.1
4/2/2026,2021,9,PARÁ,PA,22854303.35
4/2/2026,2021,9,PARAÍBA,PB,1106907.4
4/2/2026,2021,9,PERNAMBUCO,PE,4524439.95
4/2/2026,2021,9,PIAUÍ,PI,3699794
4/2/2026,2021,9,PARANÁ,PR,17191295.12
4/2/2026,2021,9,RIO DE JANEIRO,RJ,9871366.28
4/2/2026,2021,9,RIO GRANDE DO NORTE,RN,6384602.29
4/2/2026,2021,9,RONDÔNIA,RO,8404121.1
4/2/2026,2021,9,RORAIMA,RR,347072.78
4/2/2026,2021,9,RIO GRANDE DO SUL,RS,9586005.04
4/2/2026,2021,9,SANTA CATARINA,SC,4901275.58
4/2/2026,2021,9,SERGIPE,SE,4812759.4
4/2/2026,2021,9,SÃO PAULO,SP,23965642.65
4/2/2026,2021,9,TOCANTINS,TO,1960612
4/2/2026,2021,12,ACRE,AC,73418.8
4/2/2026,2021,12,ALAGOAS,AL,739607.3
4/2/2026,2021,12,AMAZONAS,AM,2347485.94
4/2/2026,2021,12,AMAPÁ,AP,1081896.2
4/2/2026,2021,12,BAHIA,BA,14277668.07
4/2/2026,2021,12,CEARÁ,CE,5164487.1
4/2/2026,2021,12,DISTRITO FEDERAL,DF,49208.4
4/2/2026,2021,12,ESPÍRITO SANTO,ES,1614853.17
4/2/2026,2021,12,GOIÁS,GO,7791487.91
4/2/2026,2021,12,MARANHÃO,MA,4009078.63
4/2/2026,2021,12,MINAS GERAIS,MG,16665320.13
4/2/2026,2021,12,MATO GROSSO DO SUL,MS,2793653.39
4/2/2026,2021,12,MATO GROSSO,MT,3977233.1
4/2/2026,2021,12,PARÁ,PA,22855546.31
4/2/2026,2021,12,PARAÍBA,PB,1356387.4
4/2/2026,2021,12,PERNAMBUCO,PE,4579914.64
4/2/2026,2021,12,PIAUÍ,PI,3772494
4/2/2026,2021,12,PARANÁ,PR,17140405.12
4/2/2026,2021,12,RIO DE JANEIRO,RJ,9826907.48
4/2/2026,2021,12,RIO GRANDE DO NORTE,RN,6952502.29
4/2/2026,2021,12,RONDÔNIA,RO,8373701.1
4/2/2026,2021,12,RORAIMA,RR,342388.78
4/2/2026,2021,12,RIO GRANDE DO SUL,RS,9573736.04
4/2/2026,2021,12,SANTA CATARINA,SC,4914550.58
4/2/2026,2021,12,SERGIPE,SE,4812759.4
4/2/2026,2021,12,SÃO PAULO,SP,24477424.67
4/2/2026,2021,12,TOCANTINS,TO,1968612
4/2/2026,2022,3,ACRE,AC,73418.8
4/2/2026,2022,3,ALAGOAS,AL,739607.3
4/2/2026,2022,3,AMAZONAS,AM,2371642.38
4/2/2026,2022,3,AMAPÁ,AP,1081896.2
4/2/2026,2022,3,BAHIA,BA,14699168.07
4/2/2026,2022,3,CEARÁ,CE,5166487.1
4/2/2026,2022,3,DISTRITO FEDERAL,DF,49208.4
4/2/2026,2022,3,ESPÍRITO SANTO,ES,1615363.17
4/2/2026,2022,3,GOIÁS,GO,7792237.91
4/2/2026,2022,3,MARANHÃO,MA,4009078.63
4/2/2026,2022,3,MINAS GERAIS,MG,16665320.13
4/2/2026,2022,3,MATO GROSSO DO SUL,MS,2762476.17
4/2/2026,2022,3,MATO GROSSO,MT,3962989.35
4/2/2026,2022,3,PARÁ,PA,22859052.31
4/2/2026,2022,3,PARAÍBA,PB,1392641.4
4/2/2026,2022,3,PERNAMBUCO,PE,4730060.54
4/2/2026,2022,3,PIAUÍ,PI,3902604
4/2/2026,2022,3,PARANÁ,PR,17333083.12
4/2/2026,2022,3,RIO DE JANEIRO,RJ,9801289.28
4/2/2026,2022,3,RIO GRANDE DO NORTE,RN,7257614.29
4/2/2026,2022,3,RONDÔNIA,RO,8374981.1
4/2/2026,2022,3,RORAIMA,RR,440110.4
4/2/2026,2022,3,RIO GRANDE DO SUL,RS,9585409.97
4/2/2026,2022,3,SANTA CATARINA,SC,4919338.58
4/2/2026,2022,3,SERGIPE,SE,4890318.4
4/2/2026,2022,3,SÃO PAULO,SP,24391340.67
4/2/2026,2022,3,TOCANTINS,TO,1968612
4/2/2026,2022,6,ACRE,AC,73418.8
4/2/2026,2022,6,ALAGOAS,AL,741587.3
4/2/2026,2022,6,AMAZONAS,AM,2377032.38
4/2/2026,2022,6,AMAPÁ,AP,973705.2
4/2/2026,2022,6,BAHIA,BA,14773568.07
4/2/2026,2022,6,CEARÁ,CE,5165224.1
4/2/2026,2022,6,DISTRITO FEDERAL,DF,50120.4
4/2/2026,2022,6,ESPÍRITO SANTO,ES,1615363.17
4/2/2026,2022,6,GOIÁS,GO,7793281.91
4/2/2026,2022,6,MARANHÃO,MA,4013083.63
4/2/2026,2022,6,MINAS GERAIS,MG,16935975.33
4/2/2026,2022,6,MATO GROSSO DO SUL,MS,2789237.45
4/2/2026,2022,6,MATO GROSSO,MT,3972591.35
4/2/2026,2022,6,PARÁ,PA,22861123.31
4/2/2026,2022,6,PARAÍBA,PB,1419641.4
4/2/2026,2022,6,PERNAMBUCO,PE,4743220.64
4/2/2026,2022,6,PIAUÍ,PI,3972190
4/2/2026,2022,6,PARANÁ,PR,17424092.77
4/2/2026,2022,6,RIO DE JANEIRO,RJ,9732189.28
4/2/2026,2022,6,RIO GRANDE DO NORTE,RN,7474206.29
4/2/2026,2022,6,RONDÔNIA,RO,8383396.8
4/2/2026,2022,6,RORAIMA,RR,528730.4
4/2/2026,2022,6,RIO GRANDE DO SUL,RS,9586035.97
4/2/2026,2022,6,SANTA CATARINA,SC,4922711.22
4/2/2026,2022,6,SERGIPE,SE,4891118.4
4/2/2026,2022,6,SÃO PAULO,SP,24411834.67
4/2/2026,2022,6,TOCANTINS,TO,1968612
4/2/2026,2022,9,ACRE,AC,73418.8
4/2/2026,2022,9,ALAGOAS,AL,742907.3
4/2/2026,2022,9,AMAZONAS,AM,2364145.38
4/2/2026,2022,9,AMAPÁ,AP,973705.2
4/2/2026,2022,9,BAHIA,BA,15052913.07
4/2/2026,2022,9,CEARÁ,CE,5272085.78
4/2/2026,2022,9,DISTRITO FEDERAL,DF,50120.4
4/2/2026,2022,9,ESPÍRITO SANTO,ES,1764243.17
4/2/2026,2022,9,GOIÁS,GO,7843281.91
4/2/2026,2022,9,MARANHÃO,MA,4013083.63
4/2/2026,2022,9,MINAS GERAIS,MG,17742770.01
4/2/2026,2022,9,MATO GROSSO DO SUL,MS,2825302.81
4/2/2026,2022,9,MATO GROSSO,MT,4041511.35
4/2/2026,2022,9,PARÁ,PA,22876319.31
4/2/2026,2022,9,PARAÍBA,PB,1673333.92
4/2/2026,2022,9,PERNAMBUCO,PE,4837811.09
4/2/2026,2022,9,PIAUÍ,PI,4261858
4/2/2026,2022,9,PARANÁ,PR,17434265.13
4/2/2026,2022,9,RIO DE JANEIRO,RJ,9958083.18
4/2/2026,2022,9,RIO GRANDE DO NORTE,RN,7588125.29
4/2/2026,2022,9,RONDÔNIA,RO,8386637.1
4/2/2026,2022,9,RORAIMA,RR,528730.4
4/2/2026,2022,9,RIO GRANDE DO SUL,RS,9615303.97
4/2/2026,2022,9,SANTA CATARINA,SC,5059767.22
4/2/2026,2022,9,SERGIPE,SE,4891118.4
4/2/2026,2022,9,SÃO PAULO,SP,24408431.47
4/2/2026,2022,9,TOCANTINS,TO,1968612
4/2/2026,2022,12,ACRE,AC,74115.8
4/2/2026,2022,12,ALAGOAS,AL,742907.3
4/2/2026,2022,12,AMAZONAS,AM,2008626.28
4/2/2026,2022,12,AMAPÁ,AP,973705.2
4/2/2026,2022,12,BAHIA,BA,15551993.07
4/2/2026,2022,12,CEARÁ,CE,5345984.1
4/2/2026,2022,12,DISTRITO FEDERAL,DF,50120.4
4/2/2026,2022,12,ESPÍRITO SANTO,ES,1764703.15
4/2/2026,2022,12,GOIÁS,GO,7840133.79
4/2/2026,2022,12,MARANHÃO,MA,4378403.63
4/2/2026,2022,12,MINAS GERAIS,MG,18098260.33
4/2/2026,2022,12,MATO GROSSO DO SUL,MS,2830547.93
4/2/2026,2022,12,MATO GROSSO,MT,4104345.7
4/2/2026,2022,12,PARÁ,PA,22878401.31
4/2/2026,2022,12,PARAÍBA,PB,1733176.4
4/2/2026,2022,12,PERNAMBUCO,PE,4852201.09
4/2/2026,2022,12,PIAUÍ,PI,4898306
4/2/2026,2022,12,PARANÁ,PR,17480797.19
4/2/2026,2022,12,RIO DE JANEIRO,RJ,10281243.18
4/2/2026,2022,12,RIO GRANDE DO NORTE,RN,7756792.29
4/2/2026,2022,12,RONDÔNIA,RO,8389379.88
4/2/2026,2022,12,RORAIMA,RR,578396.4
4/2/2026,2022,12,RIO GRANDE DO SUL,RS,9614448.97
4/2/2026,2022,12,SANTA CATARINA,SC,5067024.32
4/2/2026,2022,12,SERGIPE,SE,4891118.4
4/2/2026,2022,12,SÃO PAULO,SP,24827090.02
4/2/2026,2022,12,TOCANTINS,TO,1968671.4
4/2/2026,2023,3,ACRE,AC,143582.2
4/2/2026,2023,3,ALAGOAS,AL,782804.1
4/2/2026,2023,3,AMAZONAS,AM,2019280.76
4/2/2026,2023,3,AMAPÁ,AP,973705.2
4/2/2026,2023,3,BAHIA,BA,16044918.07
4/2/2026,2023,3,CEARÁ,CE,5350484.1
4/2/2026,2023,3,DISTRITO FEDERAL,DF,50120.4
4/2/2026,2023,3,ESPÍRITO SANTO,ES,1766644.95
4/2/2026,2023,3,GOIÁS,GO,7788751.39
4/2/2026,2023,3,MARANHÃO,MA,4370803.63
4/2/2026,2023,3,MINAS GERAIS,MG,18991054.43
4/2/2026,2023,3,MATO GROSSO DO SUL,MS,2823650.71
4/2/2026,2023,3,MATO GROSSO,MT,4079834.7
4/2/2026,2023,3,PARÁ,PA,22844705.11
4/2/2026,2023,3,PARAÍBA,PB,1804676.4
4/2/2026,2023,3,PERNAMBUCO,PE,4913779.09
4/2/2026,2023,3,PIAUÍ,PI,5176323
4/2/2026,2023,3,PARANÁ,PR,17511618.79
4/2/2026,2023,3,RIO DE JANEIRO,RJ,10287247.58
4/2/2026,2023,3,RIO GRANDE DO NORTE,RN,8424202.29
4/2/2026,2023,3,RONDÔNIA,RO,8322679.88
4/2/2026,2023,3,RORAIMA,RR,582497.2
4/2/2026,2023,3,RIO GRANDE DO SUL,RS,9617207.27
4/2/2026,2023,3,SANTA CATARINA,SC,4986399.22
4/2/2026,2023,3,SERGIPE,SE,4891118.4
4/2/2026,2023,3,SÃO PAULO,SP,24840691.42
4/2/2026,2023,3,TOCANTINS,TO,1968671.4
4/2/2026,2023,5,ACRE,AC,143582.2
4/2/2026,2023,5,ALAGOAS,AL,782804.1
4/2/2026,2023,5,AMAZONAS,AM,2058236.76
4/2/2026,2023,5,AMAPÁ,AP,973705.2
4/2/2026,2023,5,BAHIA,BA,17097074.87
4/2/2026,2023,5,CEARÁ,CE,5397846.1
4/2/2026,2023,5,DISTRITO FEDERAL,DF,50120.4
4/2/2026,2023,5,ESPÍRITO SANTO,ES,1770648.55
4/2/2026,2023,5,GOIÁS,GO,7792730.13
4/2/2026,2023,5,MARANHÃO,MA,4391230.63
4/2/2026,2023,5,MINAS GERAIS,MG,19277796.43
4/2/2026,2023,5,MATO GROSSO DO SUL,MS,2827150.71
4/2/2026,2023,5,MATO GROSSO,MT,4081316.7
4/2/2026,2023,5,PARÁ,PA,22845705.11
4/2/2026,2023,5,PARAÍBA,PB,1855246
4/2/2026,2023,5,PERNAMBUCO,PE,5009780.89
4/2/2026,2023,5,PIAUÍ,PI,5264843
4/2/2026,2023,5,PARANÁ,PR,17511808.39
4/2/2026,2023,5,RIO DE JANEIRO,RJ,10287847.58
4/2/2026,2023,5,RIO GRANDE DO NORTE,RN,8556702.29
4/2/2026,2023,5,RONDÔNIA,RO,8326379.88
4/2/2026,2023,5,RORAIMA,RR,591212.2
4/2/2026,2023,5,RIO GRANDE DO SUL,RS,9618443.43
4/2/2026,2023,5,SANTA CATARINA,SC,4988071.18
4/2/2026,2023,5,SERGIPE,SE,4891118.4
4/2/2026,2023,5,SÃO PAULO,SP,24890810.62
4/2/2026,2023,5,TOCANTINS,TO,1968671.4
4/2/2026,2023,8,ACRE,AC,143582.2
4/2/2026,2023,8,ALAGOAS,AL,782804.1
4/2/2026,2023,8,AMAZONAS,AM,2082080.84
4/2/2026,2023,8,AMAPÁ,AP,973705.2
4/2/2026,2023,8,BAHIA,BA,17314825.69
4/2/2026,2023,8,CEARÁ,CE,5452079.1
4/2/2026,2023,8,DISTRITO FEDERAL,DF,50120.4
4/2/2026,2023,8,ESPÍRITO SANTO,ES,1770770.89
4/2/2026,2023,8,GOIÁS,GO,7824013.13
4/2/2026,2023,8,MARANHÃO,MA,4386480.63
4/2/2026,2023,8,MINAS GERAIS,MG,19936954.59
4/2/2026,2023,8,MATO GROSSO DO SUL,MS,2827149.33
4/2/2026,2023,8,MATO GROSSO,MT,4107336.3
4/2/2026,2023,8,PARÁ,PA,22846245.11
4/2/2026,2023,8,PARAÍBA,PB,1959046
4/2/2026,2023,8,PERNAMBUCO,PE,5131980.09
4/2/2026,2023,8,PIAUÍ,PI,5361343
4/2/2026,2023,8,PARANÁ,PR,17543763.99
4/2/2026,2023,8,RIO DE JANEIRO,RJ,10293997.58
4/2/2026,2023,8,RIO GRANDE DO NORTE,RN,9383139.57
4/2/2026,2023,8,RONDÔNIA,RO,8326379.88
4/2/2026,2023,8,RORAIMA,RR,607012.2
4/2/2026,2023,8,RIO GRANDE DO SUL,RS,9638306.22
4/2/2026,2023,8,SANTA CATARINA,SC,5009075.58
4/2/2026,2023,8,SERGIPE,SE,4891390.4
4/2/2026,2023,8,SÃO PAULO,SP,24950850.62
4/2/2026,2023,8,TOCANTINS,TO,1969796.4
4/2/2026,2023,11,ACRE,AC,143582.2
4/2/2026,2023,11,ALAGOAS,AL,782804.1
4/2/2026,2023,11,AMAZONAS,AM,2082080.84
4/2/2026,2023,11,AMAPÁ,AP,973705.2
4/2/2026,2023,11,BAHIA,BA,17562825.69
4/2/2026,2023,11,CEARÁ,CE,5452079.1
4/2/2026,2023,11,DISTRITO FEDERAL,DF,50120.4
4/2/2026,2023,11,ESPÍRITO SANTO,ES,1771143.85
4/2/2026,2023,11,GOIÁS,GO,7840013.13
4/2/2026,2023,11,MARANHÃO,MA,4386480.63
4/2/2026,2023,11,MINAS GERAIS,MG,20167489.03
4/2/2026,2023,11,MATO GROSSO DO SUL,MS,2850620.33
4/2/2026,2023,11,MATO GROSSO,MT,4131481.3
4/2/2026,2023,11,PARÁ,PA,22848650.11
4/2/2026,2023,11,PARAÍBA,PB,2065591
4/2/2026,2023,11,PERNAMBUCO,PE,5375579.27
4/2/2026,2023,11,PIAUÍ,PI,5515243
4/2/2026,2023,11,PARANÁ,PR,17542555.99
4/2/2026,2023,11,RIO DE JANEIRO,RJ,10299577.58
4/2/2026,2023,11,RIO GRANDE DO NORTE,RN,9790994.93
4/2/2026,2023,11,RONDÔNIA,RO,8322923.88
4/2/2026,2023,11,RORAIMA,RR,607012.2
4/2/2026,2023,11,RIO GRANDE DO SUL,RS,9625731.92
4/2/2026,2023,11,SANTA CATARINA,SC,5022844.42
4/2/2026,2023,11,SERGIPE,SE,4891390.4
4/2/2026,2023,11,SÃO PAULO,SP,24987600.62
4/2/2026,2023,11,TOCANTINS,TO,1968846.4
4/2/2026,2024,2,ACRE,AC,143582.2
4/2/2026,2024,2,ALAGOAS,AL,782804.1
4/2/2026,2024,2,AMAZONAS,AM,2088130.84
4/2/2026,2024,2,AMAPÁ,AP,973705.2
4/2/2026,2024,2,BAHIA,BA,18086970.99
4/2/2026,2024,2,CEARÁ,CE,5566533.1
4/2/2026,2024,2,DISTRITO FEDERAL,DF,50120.4
4/2/2026,2024,2,ESPÍRITO SANTO,ES,1798914.68
4/2/2026,2024,2,GOIÁS,GO,7739926.13
4/2/2026,2024,2,MARANHÃO,MA,4366053.63
4/2/2026,2024,2,MINAS GERAIS,MG,20214509.71
4/2/2026,2024,2,MATO GROSSO DO SUL,MS,2851560.13
4/2/2026,2024,2,MATO GROSSO,MT,4134931.3
4/2/2026,2024,2,PARÁ,PA,22849409.11
4/2/2026,2024,2,PARAÍBA,PB,2083337
4/2/2026,2024,2,PERNAMBUCO,PE,5445633.27
4/2/2026,2024,2,PIAUÍ,PI,5770006
4/2/2026,2024,2,PARANÁ,PR,17547639.99
4/2/2026,2024,2,RIO DE JANEIRO,RJ,11015077.58
4/2/2026,2024,2,RIO GRANDE DO NORTE,RN,10950204.73
4/2/2026,2024,2,RONDÔNIA,RO,8386323.88
4/2/2026,2024,2,RORAIMA,RR,607012.2
4/2/2026,2024,2,RIO GRANDE DO SUL,RS,9669569.93
4/2/2026,2024,2,SANTA CATARINA,SC,5026742.42
4/2/2026,2024,2,SERGIPE,SE,4891390.4
4/2/2026,2024,2,SÃO PAULO,SP,24898870.62
4/2/2026,2024,2,TOCANTINS,TO,1968846.4
4/2/2026,2024,5,ACRE,AC,143582.2
4/2/2026,2024,5,ALAGOAS,AL,782804.1
4/2/2026,2024,5,AMAZONAS,AM,2088130.84
4/2/2026,2024,5,AMAPÁ,AP,973705.2
4/2/2026,2024,5,BAHIA,BA,18629300.99
4/2/2026,2024,5,CEARÁ,CE,5566533.1
4/2/2026,2024,5,DISTRITO FEDERAL,DF,50120.4
4/2/2026,2024,5,ESPÍRITO SANTO,ES,1800544.68
4/2/2026,2024,5,GOIÁS,GO,7724926.13
4/2/2026,2024,5,MARANHÃO,MA,4366053.63
4/2/2026,2024,5,MINAS GERAIS,MG,20899154.92
4/2/2026,2024,5,MATO GROSSO DO SUL,MS,2877560.13
4/2/2026,2024,5,MATO GROSSO,MT,4177911.05
4/2/2026,2024,5,PARÁ,PA,22849409.11
4/2/2026,2024,5,PARAÍBA,PB,2283337
4/2/2026,2024,5,PERNAMBUCO,PE,5625231.07
4/2/2026,2024,5,PIAUÍ,PI,6407219
4/2/2026,2024,5,PARANÁ,PR,17561117.99
4/2/2026,2024,5,RIO DE JANEIRO,RJ,11015077.58
4/2/2026,2024,5,RIO GRANDE DO NORTE,RN,11502206.99
4/2/2026,2024,5,RONDÔNIA,RO,8304403.88
4/2/2026,2024,5,RORAIMA,RR,615148.2
4/2/2026,2024,5,RIO GRANDE DO SUL,RS,9685043.29
4/2/2026,2024,5,SANTA CATARINA,SC,5018042.72
4/2/2026,2024,5,SERGIPE,SE,4891390.4
4/2/2026,2024,5,SÃO PAULO,SP,24923512.19
4/2/2026,2024,5,TOCANTINS,TO,1968846.4
4/2/2026,2024,8,ACRE,AC,143582.2
4/2/2026,2024,8,ALAGOAS,AL,782804.1
4/2/2026,2024,8,AMAZONAS,AM,2088691.84
4/2/2026,2024,8,AMAPÁ,AP,973705.2
4/2/2026,2024,8,BAHIA,BA,19735430.99
4/2/2026,2024,8,CEARÁ,CE,5566533.1
4/2/2026,2024,8,DISTRITO FEDERAL,DF,50120.4
4/2/2026,2024,8,ESPÍRITO SANTO,ES,1800544.68
4/2/2026,2024,8,GOIÁS,GO,7726326.13
4/2/2026,2024,8,MARANHÃO,MA,4367553.63
4/2/2026,2024,8,MINAS GERAIS,MG,21500326.71
4/2/2026,2024,8,MATO GROSSO DO SUL,MS,2877560.13
4/2/2026,2024,8,MATO GROSSO,MT,4179411.05
4/2/2026,2024,8,PARÁ,PA,22849409.11
4/2/2026,2024,8,PARAÍBA,PB,2399585
4/2/2026,2024,8,PERNAMBUCO,PE,5626546.07
4/2/2026,2024,8,PIAUÍ,PI,6407219
4/2/2026,2024,8,PARANÁ,PR,17577049.99
4/2/2026,2024,8,RIO DE JANEIRO,RJ,11014427.58
4/2/2026,2024,8,RIO GRANDE DO NORTE,RN,11515427.79
4/2/2026,2024,8,RONDÔNIA,RO,8280403.88
4/2/2026,2024,8,RORAIMA,RR,615148.2
4/2/2026,2024,8,RIO GRANDE DO SUL,RS,9783817.99
4/2/2026,2024,8,SANTA CATARINA,SC,5019355.72
4/2/2026,2024,8,SERGIPE,SE,4891390.4
4/2/2026,2024,8,SÃO PAULO,SP,25061884.9
4/2/2026,2024,8,TOCANTINS,TO,1968846.4
4/2/2026,2024,11,ACRE,AC,143582.2
4/2/2026,2024,11,ALAGOAS,AL,782924.1
4/2/2026,2024,11,AMAZONAS,AM,2089666.84
4/2/2026,2024,11,AMAPÁ,AP,973705.2
4/2/2026,2024,11,BAHIA,BA,20136080.99
4/2/2026,2024,11,CEARÁ,CE,5574523.1
4/2/2026,2024,11,DISTRITO FEDERAL,DF,50120.4
4/2/2026,2024,11,ESPÍRITO SANTO,ES,1801905.08
4/2/2026,2024,11,GOIÁS,GO,7735959.13
4/2/2026,2024,11,MARANHÃO,MA,4460057.63
4/2/2026,2024,11,MINAS GERAIS,MG,22804635.82
4/2/2026,2024,11,MATO GROSSO DO SUL,MS,2932560.13
4/2/2026,2024,11,MATO GROSSO,MT,4181187.15
4/2/2026,2024,11,PARÁ,PA,22828874.11
4/2/2026,2024,11,PARAÍBA,PB,2449785
4/2/2026,2024,11,PERNAMBUCO,PE,6113246.07
4/2/2026,2024,11,PIAUÍ,PI,6772019
4/2/2026,2024,11,PARANÁ,PR,17577361.99
4/2/2026,2024,11,RIO DE JANEIRO,RJ,11014427.58
4/2/2026,2024,11,RIO GRANDE DO NORTE,RN,11592687.79
4/2/2026,2024,11,RONDÔNIA,RO,8279143.88
4/2/2026,2024,11,RORAIMA,RR,615148.2
4/2/2026,2024,11,RIO GRANDE DO SUL,RS,9786287.99
4/2/2026,2024,11,SANTA CATARINA,SC,5026673.73
4/2/2026,2024,11,SERGIPE,SE,4891390.4
4/2/2026,2024,11,SÃO PAULO,SP,25177274.7
4/2/2026,2024,11,TOCANTINS,TO,1968996.4
4/2/2026,2024,12,ACRE,AC,143582.2
4/2/2026,2024,12,ALAGOAS,AL,782924.1
4/2/2026,2024,12,AMAZONAS,AM,2089666.84
4/2/2026,2024,12,AMAPÁ,AP,973705.2
4/2/2026,2024,12,BAHIA,BA,20203580.99
4/2/2026,2024,12,CEARÁ,CE,5646523.1
4/2/2026,2024,12,DISTRITO FEDERAL,DF,50120.4
4/2/2026,2024,12,ESPÍRITO SANTO,ES,1802405.08
4/2/2026,2024,12,GOIÁS,GO,7776159.13
4/2/2026,2024,12,MARANHÃO,MA,4367803.63
4/2/2026,2024,12,MINAS GERAIS,MG,23660001.93
4/2/2026,2024,12,MATO GROSSO DO SUL,MS,2932560.13
4/2/2026,2024,12,MATO GROSSO,MT,4180787.15
4/2/2026,2024,12,PARÁ,PA,22828874.11
4/2/2026,2024,12,PARAÍBA,PB,2449785
4/2/2026,2024,12,PERNAMBUCO,PE,6113921.07
4/2/2026,2024,12,PIAUÍ,PI,6772019
4/2/2026,2024,12,PARANÁ,PR,17577235.99
4/2/2026,2024,12,RIO DE JANEIRO,RJ,10989427.58
4/2/2026,2024,12,RIO GRANDE DO NORTE,RN,11593011.79
4/2/2026,2024,12,RONDÔNIA,RO,8280311.18
4/2/2026,2024,12,RORAIMA,RR,615148.2
4/2/2026,2024,12,RIO GRANDE DO SUL,RS,9802831.79
4/2/2026,2024,12,SANTA CATARINA,SC,5028011.23
4/2/2026,2024,12,SERGIPE,SE,4891390.4
4/2/2026,2024,12,SÃO PAULO,SP,25304424.79
4/2/2026,2024,12,TOCANTINS,TO,1968996.4
4/2/2026,2025,3,ACRE,AC,143582.2
4/2/2026,2025,3,ALAGOAS,AL,782924.1
4/2/2026,2025,3,AMAZONAS,AM,2089666.84
4/2/2026,2025,3,AMAPÁ,AP,973705.2
4/2/2026,2025,3,BAHIA,BA,20429585.99
4/2/2026,2025,3,CEARÁ,CE,5651673.1
4/2/2026,2025,3,DISTRITO FEDERAL,DF,50120.4
4/2/2026,2025,3,ESPÍRITO SANTO,ES,1801305.08
4/2/2026,2025,3,GOIÁS,GO,7793313.73
4/2/2026,2025,3,MARANHÃO,MA,4367803.63
4/2/2026,2025,3,MINAS GERAIS,MG,23662976.49
4/2/2026,2025,3,MATO GROSSO DO SUL,MS,3371126.38
4/2/2026,2025,3,MATO GROSSO,MT,4183029.15
4/2/2026,2025,3,PARÁ,PA,22828874.11
4/2/2026,2025,3,PARAÍBA,PB,2450540
4/2/2026,2025,3,PERNAMBUCO,PE,6115721.07
4/2/2026,2025,3,PIAUÍ,PI,6772019
4/2/2026,2025,3,PARANÁ,PR,17606610.99
4/2/2026,2025,3,RIO DE JANEIRO,RJ,10989427.58
4/2/2026,2025,3,RIO GRANDE DO NORTE,RN,11786648.79
4/2/2026,2025,3,RONDÔNIA,RO,8283770.18
4/2/2026,2025,3,RORAIMA,RR,615148.2
4/2/2026,2025,3,RIO GRANDE DO SUL,RS,9902059.79
4/2/2026,2025,3,SANTA CATARINA,SC,5049465.93
4/2/2026,2025,3,SERGIPE,SE,4891390.4
4/2/2026,2025,3,SÃO PAULO,SP,25343480.59
4/2/2026,2025,3,TOCANTINS,TO,1968996.4
4/2/2026,2025,6,ACRE,AC,143582.2
4/2/2026,2025,6,ALAGOAS,AL,782924.1
4/2/2026,2025,6,AMAZONAS,AM,2092716.84
4/2/2026,2025,6,AMAPÁ,AP,973705.2
4/2/2026,2025,6,BAHIA,BA,20889825.99
4/2/2026,2025,6,CEARÁ,CE,5651823.1
4/2/2026,2025,6,DISTRITO FEDERAL,DF,50120.4
4/2/2026,2025,6,ESPÍRITO SANTO,ES,1801705.08
4/2/2026,2025,6,GOIÁS,GO,7835609.13
4/2/2026,2025,6,MARANHÃO,MA,4394223.63
4/2/2026,2025,6,MINAS GERAIS,MG,23876634.37
4/2/2026,2025,6,MATO GROSSO DO SUL,MS,3423227.37
4/2/2026,2025,6,MATO GROSSO,MT,4185589.15
4/2/2026,2025,6,PARÁ,PA,22829840.11
4/2/2026,2025,6,PARAÍBA,PB,2450540
4/2/2026,2025,6,PERNAMBUCO,PE,6115805.43
4/2/2026,2025,6,PIAUÍ,PI,6773748
4/2/2026,2025,6,PARANÁ,PR,17609210.99
4/2/2026,2025,6,RIO DE JANEIRO,RJ,12662101.58
4/2/2026,2025,6,RIO GRANDE DO NORTE,RN,11833384.79
4/2/2026,2025,6,RONDÔNIA,RO,8284352.88
4/2/2026,2025,6,RORAIMA,RR,615148.2
4/2/2026,2025,6,RIO GRANDE DO SUL,RS,9985470.03
4/2/2026,2025,6,SANTA CATARINA,SC,5066383.93
4/2/2026,2025,6,SERGIPE,SE,4891390.4
4/2/2026,2025,6,SÃO PAULO,SP,25338563.59
4/2/2026,2025,6,TOCANTINS,TO,1968996.4
4/2/2026,2025,9,ACRE,AC,143582.2
4/2/2026,2025,9,ALAGOAS,AL,782924.1
4/2/2026,2025,9,AMAZONAS,AM,2094802.84
4/2/2026,2025,9,AMAPÁ,AP,973705.2
4/2/2026,2025,9,BAHIA,BA,21138356.99
4/2/2026,2025,9,CEARÁ,CE,6208271.1
4/2/2026,2025,9,DISTRITO FEDERAL,DF,50120.4
4/2/2026,2025,9,ESPÍRITO SANTO,ES,1804650.08
4/2/2026,2025,9,GOIÁS,GO,7875609.13
4/2/2026,2025,9,MARANHÃO,MA,4394223.63
4/2/2026,2025,9,MINAS GERAIS,MG,23918376.37
4/2/2026,2025,9,MATO GROSSO DO SUL,MS,3415227.37
4/2/2026,2025,9,MATO GROSSO,MT,4235587.15
4/2/2026,2025,9,PARÁ,PA,22829940.11
4/2/2026,2025,9,PARAÍBA,PB,2450540
4/2/2026,2025,9,PERNAMBUCO,PE,6175955.43
4/2/2026,2025,9,PIAUÍ,PI,7075091
4/2/2026,2025,9,PARANÁ,PR,17642710.99
4/2/2026,2025,9,RIO DE JANEIRO,RJ,13162101.58
4/2/2026,2025,9,RIO GRANDE DO NORTE,RN,12209254.79
4/2/2026,2025,9,RONDÔNIA,RO,8284352.88
4/2/2026,2025,9,RORAIMA,RR,615148.2
4/2/2026,2025,9,RIO GRANDE DO SUL,RS,9986908.03
4/2/2026,2025,9,SANTA CATARINA,SC,5095723.93
4/2/2026,2025,9,SERGIPE,SE,4891390.4
4/2/2026,2025,9,SÃO PAULO,SP,25300213.59
4/2/2026,2025,9,TOCANTINS,TO,1968996.4
4/2/2026,2025,12,ACRE,AC,143582.2
4/2/2026,2025,12,ALAGOAS,AL,783257.1
4/2/2026,2025,12,AMAZONAS,AM,2165968.84
4/2/2026,2025,12,AMAPÁ,AP,973705.2
4/2/2026,2025,12,BAHIA,BA,21617391.99
4/2/2026,2025,12,CEARÁ,CE,6218093.1
4/2/2026,2025,12,DISTRITO FEDERAL,DF,50120.4
4/2/2026,2025,12,ESPÍRITO SANTO,ES,1806050.08
4/2/2026,2025,12,GOIÁS,GO,7875609.13
4/2/2026,2025,12,MARANHÃO,MA,4481443.63
4/2/2026,2025,12,MINAS GERAIS,MG,24664876.37
4/2/2026,2025,12,MATO GROSSO DO SUL,MS,3420068.37
4/2/2026,2025,12,MATO GROSSO,MT,4236537.15
4/2/2026,2025,12,PARÁ,PA,22837900.11
4/2/2026,2025,12,PARAÍBA,PB,2450540
4/2/2026,2025,12,PERNAMBUCO,PE,6173830.43
4/2/2026,2025,12,PIAUÍ,PI,7076288
4/2/2026,2025,12,PARANÁ,PR,17653038.99
4/2/2026,2025,12,RIO DE JANEIRO,RJ,12674821.58
4/2/2026,2025,12,RIO GRANDE DO NORTE,RN,12426899.79
4/2/2026,2025,12,RONDÔNIA,RO,8285527.88
4/2/2026,2025,12,RORAIMA,RR,530396.2
4/2/2026,2025,12,RIO GRANDE DO SUL,RS,9980546.83
4/2/2026,2025,12,SANTA CATARINA,SC,5096936.44
4/2/2026,2025,12,SERGIPE,SE,4891390.4
4/2/2026,2025,12,SÃO PAULO,SP,25452113.79
4/2/2026,2025,12,TOCANTINS,TO,1968996.4
4/2/2026,2026,3,ACRE,AC,143582.2
4/2/2026,2026,3,ALAGOAS,AL,783257.1
4/2/2026,2026,3,AMAZONAS,AM,2189403.84
4/2/2026,2026,3,AMAPÁ,AP,973705.2
4/2/2026,2026,3,BAHIA,BA,21917369.99
4/2/2026,2026,3,CEARÁ,CE,6563477.1
4/2/2026,2026,3,DISTRITO FEDERAL,DF,50120.4
4/2/2026,2026,3,ESPÍRITO SANTO,ES,1809630.08
4/2/2026,2026,3,GOIÁS,GO,8225609.13
4/2/2026,2026,3,MARANHÃO,MA,4481443.63
4/2/2026,2026,3,MINAS GERAIS,MG,25166374.37
4/2/2026,2026,3,MATO GROSSO DO SUL,MS,3416648.37
4/2/2026,2026,3,MATO GROSSO,MT,4236834.65
4/2/2026,2026,3,PARÁ,PA,22849580.11
4/2/2026,2026,3,PARAÍBA,PB,2450540
4/2/2026,2026,3,PERNAMBUCO,PE,6334490.43
4/2/2026,2026,3,PIAUÍ,PI,7078405
4/2/2026,2026,3,PARANÁ,PR,17674263.99
4/2/2026,2026,3,RIO DE JANEIRO,RJ,12676446.58
4/2/2026,2026,3,RIO GRANDE DO NORTE,RN,13130628.79
4/2/2026,2026,3,RONDÔNIA,RO,8285527.88
4/2/2026,2026,3,RORAIMA,RR,515851.2
4/2/2026,2026,3,RIO GRANDE DO SUL,RS,9969236.83
4/2/2026,2026,3,SANTA CATARINA,SC,5102211.43
4/2/2026,2026,3,SERGIPE,SE,4892490.4
4/2/2026,2026,3,SÃO PAULO,SP,25451595.9
4/2/2026,2026,3,TOCANTINS,TO,1968996.4
